Date,USD,IDR,JPY,CNY,AUD,GBP,EUR,SGD,VND,DKK,INR,ZAR,UGX
16-Mar-20,1,0.0000666,0.0094744,0.1423974,0.6130832,1.2271444,1.1156979,0.703136,0.0000431,0.14891,0.01350,0.06012,0.000266312
17-Mar-20,1,0.0000658,0.0093464,0.1424481,0.6005285,1.2091898,1.098177,0.699888,0.000043,0.14643,0.01348,0.06020,0.000266845
18-Mar-20,1,0.0000647,0.0092834,0.1421383,0.5888588,1.1860989,1.0933742,0.6937699,0.000043,0.14538,0.01343,0.05845,0.000264725
19-Mar-20,1,0.0000628,0.0091048,0.1405481,0.5796093,1.1615751,1.0801469,0.6904647,0.0000427,0.14423,0.01336,0.05756,0.000260926
20-Mar-20,1,0.0000628,0.0090454,0.1410318,0.5874405,1.1761938,1.0706638,0.6900835,0.0000426,0.14253,0.01328,0.05735,0.000261438
21-Mar-20,1,0.0000628,0.0090454,0.1410318,0.5874405,1.1761938,1.0706638,0.6900835,0.0000426,0.14253,0.01328,0.05735,0.000261438
22-Mar-20,1,0.0000628,0.0090454,0.1410318,0.5874405,1.1761938,1.0706638,0.6900835,0.0000426,0.14253,0.01328,0.05735,0.000261438
23-Mar-20,1,0.0000603,0.009053,0.1411672,0.580181,1.1598237,1.0782834,0.6848377,0.0000425,0.14336,0.01311,0.05650,0.0002574
24-Mar-20,1,0.0000613,0.0090366,0.1416471,0.5920313,1.1773016,1.0842459,0.6909895,0.0000424,0.14525,0.01312,0.05691,0.00025413
25-Mar-20,1,0.0000621,0.0089724,0.1408967,0.6017209,1.1832919,1.0827198,0.6917543,0.0000424,0.14548,0.01310,0.05755,0.000256082
26-Mar-20,1,0.0000621,0.0091371,0.1413707,0.6046315,1.2020676,1.0980564,0.6968156,0.0000423,0.14716,0.01333,0.05757,0.000258065
27-Mar-20,1,0.000062,0.0091966,0.1409225,0.6028454,1.223092,1.0976948,0.6964273,0.0000423,0.14801,0.01326,0.05687,0.000262123
28-Mar-20,1,0.000062,0.0091966,0.1409225,0.6028454,1.223092,1.0976948,0.6964273,0.0000423,0.14801,0.01326,0.05687,0.000262123
29-Mar-20,1,0.000062,0.0091966,0.1409225,0.6028454,1.223092,1.0976948,0.6964273,0.0000423,0.14801,0.01326,0.05687,0.000262123
30-Mar-20,1,0.000061,0.0092459,0.140853,0.6122949,1.2411568,1.1033874,0.7013606,0.0000423,0.14783,0.01326,0.05571,0.000263505
31-Mar-20,1,0.0000613,0.0092145,0.140851,0.6097933,1.2359412,1.0956503,0.70082,0.0000423,0.14741,0.01327,0.05609,0.000263852
01-Apr-20,1,0.00006,0.0093033,0.1408312,0.6057669,1.2362468,1.0936133,0.6970584,0.0000424,0.14702,0.01314,0.05529,0.000263505
02-Apr-20,1,0.00006,0.0093166,0.1409284,0.6069066,1.2430081,1.0906315,0.698324,0.0000424,0.14595,0.01309,0.05401,0.000264201
03-Apr-20,1,0.0000602,0.0092101,0.1410238,0.5990176,1.2275964,1.078516,0.6962819,0.0000424,0.14484,0.01312,0.05285,0.000265604
04-Apr-20,1,0.0000602,0.0092101,0.1410238,0.5990176,1.2275964,1.078516,0.6962819,0.0000424,0.14484,0.01312,0.05285,0.000265604
05-Apr-20,1,0.0000602,0.0092101,0.1410238,0.5990176,1.2275964,1.078516,0.6962819,0.0000424,0.14484,0.01312,0.05285,0.000265604
06-Apr-20,1,0.0000609,0.0091807,0.1410238,0.6065753,1.2291052,1.0790979,0.697107,0.0000426,0.14487,0.01315,0.05349,0.000265252
07-Apr-20,1,0.000062,0.0091818,0.1417274,0.6192334,1.2356357,1.0884946,0.7021979,0.0000426,0.14610,0.01322,0.05489,0.000265041
08-Apr-20,1,0.0000616,0.0091847,0.1415168,0.6178179,1.2360939,1.0870747,0.7005745,0.0000424,0.14542,0.01315,0.05488,0.000262467
09-Apr-20,1,0.000063,0.0091836,0.1416651,0.6229753,1.2410027,1.0867203,0.70205,0.0000425,0.14621,0.01311,0.05562,0.000263852
10-Apr-20,1,0.000063,0.0091836,0.1416651,0.6229753,1.2410027,1.0867203,0.70205,0.0000427,0.14621,0.01311,0.05562,0.000263852
11-Apr-20,1,0.000063,0.0091836,0.1416651,0.6229753,1.2410027,1.0867203,0.70205,0.0000427,0.14621,0.01311,0.05562,0.000263852
12-Apr-20,1,0.000063,0.0091836,0.1416651,0.6229753,1.2410027,1.0867203,0.70205,0.0000427,0.14621,0.01311,0.05562,0.000263852
13-Apr-20,1,0.000063,0.0091836,0.1416651,0.6229753,1.2410027,1.0867203,0.70205,0.0000427,0.14621,0.01312,0.05518,0.000265393
14-Apr-20,1,0.0000636,0.0093175,0.1417033,0.6396725,1.2564393,1.0962508,0.7063145,0.0000426,0.14705,0.01314,0.05452,0.000265604
15-Apr-20,1,0.0000634,0.0093093,0.1416009,0.6302786,1.2476606,1.0902747,0.7019022,0.0000427,0.14582,0.01306,0.05346,0.000266312
16-Apr-20,1,0.0000637,0.0092964,0.1414187,0.6305965,1.2492192,1.0888502,0.7006726,0.0000426,0.14575,0.01302,0.05336,0.000266489
17-Apr-20,1,0.0000642,0.0092932,0.1413667,0.6355259,1.2485953,1.0860122,0.7030371,0.0000427,0.14591,0.01307,0.05313,0.000265428
18-Apr-20,1,0.0000642,0.0092932,0.1413667,0.6355259,1.2485953,1.0860122,0.7030371,0.0000427,0.14591,0.01307,0.05313,0.000265428
19-Apr-20,1,0.0000642,0.0092932,0.1413667,0.6355259,1.2485953,1.0860122,0.7030371,0.0000427,0.14591,0.01307,0.05313,0.000265428
20-Apr-20,1,0.0000644,0.0092733,0.1413707,0.6356471,1.2433172,1.0860122,0.7026913,0.0000426,0.14587,0.01306,0.05319,0.000265252
21-Apr-20,1,0.0000637,0.0093109,0.1409443,0.6276676,1.229861,1.0836584,0.6987144,0.0000426,0.14532,0.01300,0.05271,0.000264901
22-Apr-20,1,0.0000642,0.0092872,0.1411951,0.6318317,1.2359412,1.0867203,0.7007217,0.0000426,0.14562,0.01308,0.05276,0.000263852
23-Apr-20,1,0.0000642,0.0093063,0.1412549,0.6366994,1.2353305,1.077238,0.7026419,0.0000426,0.14518,0.01317,0.05248,0.000263644
24-Apr-20,1,0.000064,0.0092927,0.1412589,0.6374299,1.2342631,1.0800302,0.701459,0.0000425,0.14440,0.01312,0.05263,0.000263541
25-Apr-20,1,0.000064,0.0092927,0.1412589,0.6374299,1.2342631,1.0800302,0.701459,0.0000425,0.14440,0.01312,0.05263,0.000263541
26-Apr-20,1,0.000064,0.0092927,0.1412589,0.6374299,1.2342631,1.0800302,0.701459,0.0000425,0.14440,0.01312,0.05263,0.000263541
27-Apr-20,1,0.000065,0.0093375,0.1411911,0.6461618,1.2436264,1.0851872,0.7050694,0.0000426,0.14553,0.01312,0.05315,0.00026264
28-Apr-20,1,0.0000651,0.0093719,0.1413028,0.6499838,1.2490632,1.0876659,0.7059654,0.0000427,0.14562,0.01316,0.05365,0.00026297
29-Apr-20,1,0.0000653,0.0093854,0.1413128,0.6509569,1.2408487,1.0842459,0.7066139,0.0000427,0.14573,0.01325,0.05473,0.000262467
30-Apr-20,1,0.0000672,0.0093864,0.1418641,0.6552651,1.2514078,1.0875476,0.7097232,0.0000427,0.14533,0.01332,0.05442,0.000263158
01-May-20,1,0.0000672,0.0093864,0.1418641,0.6552651,1.2514078,1.0875476,0.7097232,0.0000427,0.14533,0.01320,0.05313,0.000262985
02-May-20,1,0.0000672,0.0093864,0.1418641,0.6552651,1.2514078,1.0875476,0.7097232,0.0000427,0.14533,0.01320,0.05313,0.000262985
03-May-20,1,0.0000672,0.0093864,0.1418641,0.6552651,1.2514078,1.0875476,0.7097232,0.0000427,0.14533,0.01320,0.05313,0.000262985
04-May-20,1,0.0000662,0.0093649,0.1415989,0.6427975,1.2448649,1.0942116,0.7061648,0.0000427,0.14643,0.01322,0.05357,0.000262812
05-May-20,1,0.0000662,0.0093708,0.1415989,0.6444545,1.2454851,1.0842459,0.7059654,0.0000427,0.14519,0.01321,0.05428,0.000262812
06-May-20,1,0.0000665,0.0094261,0.1408867,0.6339948,1.2385435,1.0807306,0.7047216,0.0000427,0.14446,0.01315,0.05346,0.000263158
07-May-20,1,0.0000665,0.0093839,0.1410895,0.6455361,1.2325897,1.0782834,0.7046223,0.0000427,0.14515,0.01319,0.05374,0.000263158
08-May-20,1,0.0000668,0.0094009,0.1413348,0.6526989,1.2386969,1.0842459,0.7075138,0.0000428,0.14544,0.01323,0.05446,0.000263505
09-May-20,1,0.0000668,0.0094009,0.1413348,0.6526989,1.2386969,1.0842459,0.7075138,0.0000428,0.14544,0.01323,0.05446,0.000263505
10-May-20,1,0.0000668,0.0094009,0.1413348,0.6526989,1.2386969,1.0842459,0.7075138,0.0000428,0.14544,0.01323,0.05446,0.000263505
11-May-20,1,0.0000668,0.0093182,0.1409682,0.6477943,1.2316788,1.0823682,0.7058159,0.0000429,0.14481,0.01318,0.05437,0.000263505
12-May-20,1,0.0000676,0.0093154,0.1411353,0.6531252,1.2370114,1.0857763,0.7070636,0.0000429,0.14522,0.01331,0.05468,0.000263505
13-May-20,1,0.0000676,0.0093524,0.1410477,0.6517205,1.2324378,1.0875476,0.7070636,0.0000428,0.14528,0.01327,0.05414,0.000263678
14-May-20,1,0.0000669,0.0093453,0.1407876,0.6421783,1.2195122,1.0792143,0.7019514,0.0000428,0.14489,0.01324,0.05375,0.000264141
15-May-20,1,0.000067,0.0093465,0.1406747,0.6425496,1.2168411,1.079797,0.7013115,0.0000428,0.14491,0.01319,0.05390,0.000264236
16-May-20,1,0.000067,0.0093465,0.1406747,0.6425496,1.2168411,1.079797,0.7013115,0.0000428,0.14491,0.01319,0.05390,0.000264236
17-May-20,1,0.000067,0.0093465,0.1406747,0.6425496,1.2168411,1.079797,0.7013115,0.0000428,0.14491,0.01319,0.05390,0.000264236
18-May-20,1,0.0000674,0.009313,0.1405521,0.6472073,1.2149192,1.0831889,0.7021979,0.0000429,0.14491,0.01319,0.05390,0.000263992
19-May-20,1,0.0000677,0.0092797,0.1407162,0.6536802,1.2229424,1.0950504,0.7058657,0.0000429,0.14723,0.01322,0.05478,0.000263505
20-May-20,1,0.0000679,0.0092904,0.1408371,0.6580246,1.2262416,1.0957703,0.7068137,0.000043,0.14685,0.01324,0.05568,0.000263941
21-May-20,1,0.0000679,0.009289,0.1407499,0.6582845,1.2229424,1.099989,0.7069136,0.000043,0.14735,0.01323,0.05663,0.000263852
22-May-20,1,0.0000671,0.009299,0.1401601,0.6531679,1.2174336,1.0903936,0.7025432,0.000043,0.14612,0.01316,0.05657,0.000264189
23-May-20,1,0.0000671,0.009299,0.1401601,0.6531679,1.2174336,1.0903936,0.7025432,0.000043,0.14612,0.01316,0.05657,0.000264189
24-May-20,1,0.0000671,0.009299,0.1401601,0.6531679,1.2174336,1.0903936,0.7025432,0.000043,0.14612,0.01316,0.05657,0.000264189
25-May-20,1,0.000068,0.0092875,0.1401306,0.6541506,1.218769,1.0909884,0.7018529,0.0000429,0.14635,0.01318,0.05664,0.000263783
26-May-20,1,0.0000678,0.0093072,0.140221,0.66357,1.2348728,1.0974539,0.7053181,0.0000429,0.14753,0.01325,0.05751,0.000264306
27-May-20,1,0.000068,0.0092688,0.1396882,0.663526,1.2266928,1.0991427,0.7050694,0.0000429,0.14718,0.01319,0.05740,0.000264189
28-May-20,1,0.000068,0.0092821,0.1397898,0.6626466,1.2277471,1.1015642,0.7052186,0.0000429,0.14771,0.01322,0.05740,0.000264317
29-May-20,1,0.0000684,0.0093352,0.1401522,0.6676013,1.2360939,1.1135857,0.7087675,0.000043,0.14868,0.01323,0.05694,0.000264201
30-May-20,1,0.0000684,0.0093352,0.1401522,0.6676013,1.2360939,1.1135857,0.7087675,0.000043,0.14868,0.01323,0.05694,0.000264201
31-May-20,1,0.0000684,0.0093352,0.1401522,0.6676013,1.2360939,1.1135857,0.7087675,0.000043,0.14868,0.01323,0.05694,0.000264201
01-Jun-20,1,0.0000684,0.0092827,0.1401286,0.6741725,1.2396182,1.1116052,0.7094211,0.000043,0.14987,0.01324,0.05742,0.000264375
02-Jun-20,1,0.0000694,0.0092477,0.1407083,0.6851192,1.2543904,1.1174433,0.713165,0.000043,0.14995,0.01332,0.05816,0.000265322
03-Jun-20,1,0.0000705,0.0092101,0.1406292,0.6875688,1.256913,1.1194448,0.7150007,0.000043,0.15072,0.01327,0.05902,0.000265428
04-Jun-20,1,0.0000709,0.0091852,0.1405086,0.6911805,1.2543904,1.1249859,0.7139287,0.000043,0.15095,0.01325,0.05918,0.000265587
05-Jun-20,1,0.0000713,0.0091541,0.1410099,0.6982265,1.2666244,1.1330161,0.718236,0.000043,0.15217,0.01323,0.05939,0.000267738
06-Jun-20,1,0.0000713,0.0091541,0.1410099,0.6982265,1.2666244,1.1330161,0.718236,0.000043,0.15217,0.01323,0.05939,0.000267738
07-Jun-20,1,0.0000713,0.0091541,0.1410099,0.6982265,1.2666244,1.1330161,0.718236,0.000043,0.15217,0.01323,0.05939,0.000267738
08-Jun-20,1,0.0000714,0.0091443,0.1413527,0.6985191,1.2655024,1.1285408,0.7188039,0.000043,0.15160,0.01325,0.05961,0.000268097
09-Jun-20,1,0.000071,0.0092468,0.1411313,0.6942998,1.2672665,1.129433,0.7190106,0.0000431,0.15173,0.01325,0.06000,0.000268248
10-Jun-20,1,0.000071,0.0093116,0.1416471,0.7013115,1.2786089,1.137527,0.7223868,0.0000431,0.15255,0.01323,0.06046,0.000267738
11-Jun-20,1,0.0000714,0.0093384,0.1414087,0.691085,1.2656626,1.1348162,0.7201498,0.0000431,0.15164,0.01317,0.05859,0.000265393
12-Jun-20,1,0.0000704,0.0093221,0.1413168,0.6872852,1.260875,1.1304544,0.7191658,0.0000431,0.15141,0.01316,0.05859,0.000268817
13-Jun-20,1,0.0000704,0.0093221,0.1413168,0.6872852,1.260875,1.1304544,0.7191658,0.0000431,0.15141,0.01316,0.05859,0.000268817
14-Jun-20,1,0.0000704,0.0093221,0.1413168,0.6872852,1.260875,1.1304544,0.7191658,0.0000431,0.15141,0.01316,0.05859,0.000268817
15-Jun-20,1,0.0000702,0.0093131,0.1409443,0.6830135,1.2551776,1.1252391,0.7171029,0.0000431,0.15126,0.01316,0.05815,0.000268456
16-Jun-20,1,0.0000708,0.0093154,0.1412769,0.6927127,1.2653423,1.130838,0.7196833,0.0000431,0.15155,0.01312,0.05840,0.000268276
17-Jun-20,1,0.0000704,0.0093096,0.1411014,0.6894174,1.2556504,1.1232169,0.7177205,0.0000431,0.15044,0.01312,0.05824,0.000268608
18-Jun-20,1,0.000071,0.0093517,0.1410776,0.6861063,1.2465719,1.1222085,0.7174116,0.0000431,0.15021,0.01310,0.05734,0.000268571
19-Jun-20,1,0.0000704,0.0093596,0.1413048,0.6893699,1.2385435,1.1209506,0.7175145,0.0000431,0.15014,0.01312,0.05770,0.000268565
20-Jun-20,1,0.0000704,0.0093596,0.1413048,0.6893699,1.2385435,1.1209506,0.7175145,0.0000431,0.15014,0.01312,0.05770,0.000268565
21-Jun-20,1,0.0000704,0.0093596,0.1413048,0.6893699,1.2385435,1.1209506,0.7175145,0.0000431,0.15014,0.01312,0.05770,0.000268565
22-Jun-20,1,0.0000701,0.0093527,0.1413148,0.6882312,1.2413108,1.1213277,0.7170001,0.0000431,0.15064,0.01319,0.05770,0.000268097
23-Jun-20,1,0.0000706,0.0093499,0.1415749,0.6955554,1.2487512,1.1318619,0.7189073,0.0000431,0.15156,0.01324,0.05803,0.00026738
24-Jun-20,1,0.0000706,0.0093766,0.1414027,0.6902264,1.2485953,1.1280316,0.7199424,0.0000431,0.15135,0.01322,0.05760,0.000268158
25-Jun-20,1,0.0000701,0.0093139,0.1414027,0.6862476,1.2425447,1.1199462,0.7179266,0.0000431,0.15026,0.01323,0.05794,0.000267558
26-Jun-20,1,0.0000703,0.0093496,0.1414027,0.6873797,1.2379302,1.1213277,0.7183908,0.0000431,0.15030,0.01322,0.05781,0.000267952
27-Jun-20,1,0.0000703,0.0093496,0.1414027,0.6873797,1.2379302,1.1213277,0.7183908,0.0000431,0.15030,0.01322,0.05781,0.000267952
28-Jun-20,1,0.0000703,0.0093496,0.1414027,0.6873797,1.2379302,1.1213277,0.7183908,0.0000431,0.15030,0.01322,0.05781,0.000267952
29-Jun-20,1,0.0000696,0.0093202,0.1413308,0.6878052,1.2327416,1.1284135,0.7183392,0.0000431,0.15111,0.01324,0.05784,0.000268248
30-Jun-20,1,0.0000692,0.0092806,0.1413547,0.6851662,1.227295,1.1198208,0.7156147,0.0000431,0.15088,0.01324,0.05757,0.000268284
01-Jul-20,1,0.0000701,0.0093093,0.1415008,0.6884682,1.2385435,1.1199462,0.716589,0.0000431,0.15088,0.01324,0.05757,0.000268456
02-Jul-20,1,0.0000695,0.0093088,0.1415008,0.6925687,1.2509382,1.1285408,0.717669,0.0000431,0.15157,0.01337,0.05896,0.000268817
03-Jul-20,1,0.0000689,0.0093006,0.1415208,0.6939144,1.2454851,1.1224604,0.7170001,0.0000431,0.15070,0.01339,0.05867,0.000268817
04-Jul-20,1,0.0000689,0.0093006,0.1415208,0.6939144,1.2454851,1.1224604,0.7170001,0.0000431,0.15070,0.01339,0.05867,0.000268817
05-Jul-20,1,0.0000689,0.0093006,0.1415208,0.6939144,1.2454851,1.1224604,0.7170001,0.0000431,0.15070,0.01339,0.05867,0.000268817
06-Jul-20,1,0.0000694,0.0092996,0.1424562,0.697788,1.2512513,1.1325028,0.7189073,0.0000431,0.15194,0.01340,0.05887,0.000268817
07-Jul-20,1,0.0000693,0.0092838,0.1423933,0.6942998,1.2523482,1.1290505,0.7167945,0.0000431,0.15132,0.01337,0.05849,0.000268879
08-Jul-20,1,0.0000694,0.0092973,0.1425659,0.6948787,1.2550201,1.1285408,0.7167945,0.0000431,0.15209,0.01334,0.05888,0.000268817
09-Jul-20,1,0.0000695,0.0093219,0.1431537,0.6984216,1.2650221,1.1341726,0.7190106,0.0000431,0.15164,0.01332,0.05932,0.00026999
10-Jul-20,1,0.0000693,0.0093592,0.1428204,0.6940589,1.2589702,1.12765,0.7180813,0.0000431,0.15146,0.01330,0.05954,0.00027056
11-Jul-20,1,0.0000693,0.0093592,0.1428204,0.6940589,1.2589702,1.12765,0.7180813,0.0000431,0.15146,0.01330,0.05954,0.00027056
12-Jul-20,1,0.0000693,0.0093592,0.1428204,0.6940589,1.2589702,1.12765,0.7180813,0.0000431,0.15146,0.01330,0.05954,0.00027056
13-Jul-20,1,0.0000693,0.009332,0.1428469,0.6972528,1.2596045,1.1328877,0.7196315,0.0000431,0.15213,0.01330,0.05977,0.000270258
14-Jul-20,1,0.0000692,0.0093108,0.1425354,0.6957974,1.2531328,1.137527,0.7178236,0.0000431,0.15279,0.01326,0.05963,0.000270422
15-Jul-20,1,0.0000686,0.0093611,0.1430943,0.7023952,1.2639029,1.1444266,0.7204611,0.0000431,0.15407,0.01331,0.06032,0.000270879
16-Jul-20,1,0.0000684,0.0093374,0.1429225,0.6986167,1.2559658,1.1414222,0.7183908,0.0000431,0.15325,0.01331,0.05993,0.000270935
17-Jul-20,1,0.0000681,0.0093267,0.1428939,0.6985191,1.2547051,1.1428571,0.719321,0.0000431,0.15347,0.01334,0.05996,0.000270783
18-Jul-20,1,0.0000681,0.0093267,0.1428939,0.6985191,1.2547051,1.1428571,0.719321,0.0000431,0.15347,0.01334,0.05996,0.000270783
19-Jul-20,1,0.0000681,0.0093267,0.1428939,0.6985191,1.2547051,1.1428571,0.719321,0.0000431,0.15347,0.01334,0.05996,0.000270783
20-Jul-20,1,0.0000676,0.0093354,0.1431147,0.6997901,1.2639029,1.1448197,0.7195798,0.0000431,0.15398,0.01337,0.05993,0.000270057
21-Jul-20,1,0.000068,0.009326,0.1430697,0.7083658,1.270648,1.1442957,0.7200979,0.0000431,0.15383,0.01341,0.06078,0.000270819
22-Jul-20,1,0.0000686,0.0093416,0.1429409,0.7174116,1.270648,1.1578094,0.7229612,0.0000431,0.15555,0.01341,0.06083,0.000270783
23-Jul-20,1,0.0000683,0.0093313,0.1427266,0.7120986,1.2685526,1.1568718,0.7215528,0.0000431,0.15536,0.01337,0.06020,0.000270476
24-Jul-20,1,0.0000684,0.0094099,0.142511,0.7088177,1.2758357,1.1607661,0.7217611,0.0000431,0.15593,0.01337,0.05993,0.000270636
25-Jul-20,1,0.0000684,0.0094099,0.142511,0.7088177,1.2758357,1.1607661,0.7217611,0.0000431,0.15593,0.01337,0.05993,0.000270636
26-Jul-20,1,0.0000684,0.0094099,0.142511,0.7088177,1.2758357,1.1607661,0.7217611,0.0000431,0.15593,0.01337,0.05993,0.000270636
27-Jul-20,1,0.0000689,0.0094931,0.1428163,0.7139287,1.2874984,1.1760555,0.7252158,0.0000431,0.15795,0.01337,0.06084,0.000270761
28-Jul-20,1,0.0000688,0.0094998,0.1428184,0.7139287,1.2879959,1.1716462,0.7246902,0.0000431,0.15766,0.01336,0.06046,0.000270636
29-Jul-20,1,0.0000688,0.0095109,0.1428714,0.7172058,1.2971851,1.1724704,0.7263747,0.0000431,0.15754,0.01335,0.06049,0.000271425
30-Jul-20,1,0.0000685,0.0095023,0.1427898,0.7140307,1.3008976,1.1742602,0.7266386,0.0000432,0.15776,0.01336,0.05945,0.00027115
31-Jul-20,1,0.0000682,0.009531,0.1433733,0.7185973,1.3156164,1.1848341,0.7293414,0.0000431,0.15933,0.01335,0.05879,0.00027115
01-Aug-20,1,0.0000682,0.009531,0.1433733,0.7185973,1.3156164,1.1848341,0.7293414,0.0000431,0.15933,0.01335,0.05879,0.00027115
02-Aug-20,1,0.0000682,0.009531,0.1433733,0.7185973,1.3156164,1.1848341,0.7293414,0.0000431,0.15933,0.01335,0.05879,0.00027115
03-Aug-20,1,0.000068,0.0094177,0.1431742,0.7103282,1.3027619,1.1726079,0.7262164,0.0000432,0.15933,0.01335,0.05879,0.000271186
04-Aug-20,1,0.0000681,0.0094286,0.1432008,0.7132668,1.3024225,1.1764706,0.7264802,0.0000432,0.15841,0.01332,0.05743,0.000271003
05-Aug-20,1,0.0000687,0.0094552,0.1440735,0.7221259,1.3131976,1.1853959,0.7304602,0.0000432,0.15892,0.01337,0.05783,0.000271283
06-Aug-20,1,0.0000684,0.0094774,0.1438559,0.7180813,1.3154433,1.1842729,0.7294478,0.0000432,0.15903,0.01335,0.05724,0.00027148
07-Aug-20,1,0.0000682,0.0094604,0.1436926,0.7204092,1.3075314,1.1817537,0.7292882,0.0000432,0.15828,0.01333,0.05682,0.00027137
08-Aug-20,1,0.0000682,0.0094604,0.1436926,0.7204092,1.3075314,1.1817537,0.7292882,0.0000432,0.15828,0.01333,0.05682,0.00027137
09-Aug-20,1,0.0000682,0.0094604,0.1436926,0.7204092,1.3075314,1.1817537,0.7292882,0.0000432,0.15828,0.01333,0.05682,0.00027137
10-Aug-20,1,0.0000683,0.00943,0.1434453,0.7153076,1.3048017,1.1763322,0.728014,0.0000432,0.15825,0.01335,0.05651,0.00027248
11-Aug-20,1,0.0000679,0.0094287,0.143947,0.718236,1.3114754,1.1782727,0.7293946,0.0000432,0.15818,0.01340,0.05713,0.000273249
12-Aug-20,1,0.0000678,0.009348,0.143974,0.7128092,1.3010669,1.177163,0.72812,0.0000432,0.15849,0.01338,0.05744,0.00027248
13-Aug-20,1,0.0000674,0.0093482,0.143976,0.7161785,1.3094147,1.1832919,0.7290224,0.0000432,0.15886,0.01336,0.05741,0.000272628
14-Aug-20,1,0.0000671,0.0093747,0.1438849,0.7148474,1.3101009,1.1813349,0.7288099,0.0000432,0.15859,0.01335,0.05752,0.000272851
15-Aug-20,1,0.0000671,0.0093747,0.1438849,0.7148474,1.3101009,1.1813349,0.7288099,0.0000432,0.15859,0.01335,0.05752,0.000272851
16-Aug-20,1,0.0000671,0.0093747,0.1438849,0.7148474,1.3101009,1.1813349,0.7288099,0.0000432,0.15859,0.01335,0.05752,0.000272851
17-Aug-20,1,0.0000672,0.0094079,0.1440881,0.7190106,1.3078734,1.1852554,0.7299803,0.0000432,0.15947,0.01338,0.05724,0.000272851
18-Aug-20,1,0.0000674,0.0094838,0.1444774,0.7239033,1.3173495,1.1906179,0.7326544,0.0000432,0.15980,0.01340,0.05768,0.000272851
19-Aug-20,1,0.0000677,0.0094902,0.1446906,0.7263747,1.3208295,1.1933174,0.7330841,0.0000432,0.15998,0.01336,0.05817,0.00027248
20-Aug-20,1,0.0000677,0.0094452,0.1445379,0.7162811,1.3140604,1.1849745,0.7305669,0.0000432,0.15935,0.01332,0.05783,0.000272257
21-Aug-20,1,0.0000677,0.0094507,0.1444356,0.7157684,1.3113034,1.176886,0.7296075,0.0000432,0.15832,0.01334,0.05826,0.000272851
22-Aug-20,1,0.0000677,0.0094507,0.1444356,0.7157684,1.3113034,1.176886,0.7296075,0.0000432,0.15832,0.01334,0.05826,0.000272851
23-Aug-20,1,0.0000677,0.0094507,0.1444356,0.7157684,1.3113034,1.176886,0.7296075,0.0000432,0.15832,0.01334,0.05826,0.000272851
24-Aug-20,1,0.0000682,0.0094579,0.1446571,0.7199942,1.3137152,1.1846938,0.7311545,0.0000431,0.15842,0.01349,0.05904,0.000273016
25-Aug-20,1,0.0000683,0.0094008,0.1446529,0.7172058,1.3135426,1.1813349,0.7306203,0.0000432,0.15884,0.01347,0.05939,0.000272839
26-Aug-20,1,0.0000682,0.0094056,0.1450747,0.7200979,1.3144059,1.1789672,0.7308873,0.0000432,0.15873,0.01347,0.05921,0.00027248
27-Aug-20,1,0.0000679,0.0094192,0.1451737,0.7246902,1.3190872,1.1806375,0.7320108,0.0000432,0.15884,0.01353,0.05878,0.000272332
28-Aug-20,1,0.0000688,0.0095024,0.1457513,0.7347539,1.3317353,1.1914691,0.7357269,0.0000432,0.15953,0.01367,0.06016,0.000272257
29-Aug-20,1,0.0000688,0.0095024,0.1457513,0.7347539,1.3317353,1.1914691,0.7357269,0.0000432,0.15953,0.01367,0.06016,0.000272257
30-Aug-20,1,0.0000688,0.0095024,0.1457513,0.7347539,1.3317353,1.1914691,0.7357269,0.0000432,0.15953,0.01367,0.06016,0.000272257
31-Aug-20,1,0.0000686,0.009441,0.1461241,0.736377,1.332445,1.1940299,0.7354564,0.0000432,0.16070,0.01365,0.05920,0.000272109
01-Sep-20,1,0.0000686,0.0094445,0.1466491,0.7380074,1.3471642,1.1987533,0.736594,0.0000432,0.16054,0.01370,0.06005,0.000272506
02-Sep-20,1,0.0000678,0.0094135,0.1464751,0.7334605,1.3351135,1.1860989,0.7342683,0.0000432,0.15936,0.01365,0.05941,0.000271739
03-Sep-20,1,0.0000674,0.0093866,0.1461967,0.7283321,1.3252054,1.1813349,0.7323325,0.0000432,0.15866,0.01362,0.05971,0.000272136
04-Sep-20,1,0.0000678,0.0094141,0.146186,0.7269027,1.3257325,1.1841326,0.7328692,0.0000431,0.15924,0.01365,0.06023,0.000271739
05-Sep-20,1,0.0000678,0.0094141,0.146186,0.7269027,1.3257325,1.1841326,0.7328692,0.0000431,0.15924,0.01365,0.06023,0.000271739
06-Sep-20,1,0.0000678,0.0094141,0.146186,0.7269027,1.3257325,1.1841326,0.7328692,0.0000431,0.15924,0.01365,0.06023,0.000271739
07-Sep-20,1,0.0000676,0.0094148,0.1463572,0.7284382,1.3161358,1.1824524,0.7316895,0.0000432,0.15924,0.01365,0.06023,0.000271813
08-Sep-20,1,0.0000673,0.0094129,0.1461112,0.7236414,1.3029316,1.1785504,0.7297672,0.0000432,0.15816,0.01355,0.05908,0.000271803
09-Sep-20,1,0.0000676,0.0094146,0.1460963,0.7238509,1.2906557,1.1773016,0.7304068,0.0000432,0.15879,0.01363,0.06006,0.000271651
10-Sep-20,1,0.0000669,0.0094219,0.1462437,0.7277491,1.2936611,1.1848341,0.7314754,0.0000431,0.15915,0.01362,0.05940,0.00027027
11-Sep-20,1,0.0000667,0.0094214,0.1462673,0.7297672,1.2827091,1.1853959,0.731743,0.0000432,0.15924,0.01361,0.05972,0.00027027
12-Sep-20,1,0.0000667,0.0094214,0.1462673,0.7297672,1.2827091,1.1853959,0.731743,0.0000432,0.15924,0.01361,0.05972,0.00027027
13-Sep-20,1,0.0000667,0.0094214,0.1462673,0.7297672,1.2827091,1.1853959,0.731743,0.0000432,0.15924,0.01361,0.05972,0.00027027
14-Sep-20,1,0.0000672,0.0094389,0.1466405,0.7273785,1.2881618,1.1876485,0.7327618,0.0000432,0.15957,0.01362,0.05998,0.000270636
15-Sep-20,1,0.0000674,0.009484,0.1476799,0.7331916,1.2913223,1.189202,0.735781,0.0000432,0.15949,0.01359,0.06083,0.000270563
16-Sep-20,1,0.0000674,0.0095165,0.1479399,0.7338372,1.2981955,1.1869436,0.7367568,0.0000431,0.15953,0.01360,0.06133,0.000270509
17-Sep-20,1,0.0000674,0.0095615,0.1477192,0.7303535,1.2888259,1.1796626,0.7355104,0.0000431,0.15852,0.01358,0.06152,0.000271223
18-Sep-20,1,0.0000679,0.0095822,0.1476429,0.7285444,1.2958404,1.1832919,0.735781,0.0000431,0.15902,0.01360,0.06156,0.000271575
19-Sep-20,1,0.0000679,0.0095822,0.1476429,0.7285444,1.2958404,1.1832919,0.735781,0.0000431,0.15902,0.01360,0.06156,0.000271575
20-Sep-20,1,0.0000679,0.0095822,0.1476429,0.7285444,1.2958404,1.1832919,0.735781,0.0000431,0.15902,0.01360,0.06156,0.000271575
21-Sep-20,1,0.0000676,0.0096064,0.1473514,0.7257947,1.2866701,1.1786893,0.7354564,0.0000431,0.15776,0.01359,0.05944,0.00027173
22-Sep-20,1,0.0000676,0.0095618,0.1475797,0.7207727,1.2795905,1.1739845,0.7338372,0.0000431,0.15781,0.01361,0.05976,0.00027173
23-Sep-20,1,0.0000673,0.0095126,0.147193,0.7112376,1.2724265,1.1691804,0.7312614,0.0000431,0.15685,0.01359,0.05868,0.000270783
24-Sep-20,1,0.0000672,0.0094883,0.1464279,0.7040766,1.2764871,1.1645511,0.7264802,0.0000431,0.15673,0.01353,0.05884,0.00027049
25-Sep-20,1,0.0000672,0.0094786,0.14643,0.7030371,1.2737231,1.1634671,0.7261109,0.0000431,0.15598,0.01357,0.05835,0.000270629
26-Sep-20,1,0.0000672,0.0094786,0.14643,0.7030371,1.2737231,1.1634671,0.7261109,0.0000431,0.15598,0.01357,0.05835,0.000270629
27-Sep-20,1,0.0000672,0.0094786,0.14643,0.7030371,1.2737231,1.1634671,0.7261109,0.0000431,0.15598,0.01357,0.05835,0.000270629
28-Sep-20,1,0.0000671,0.0094863,0.1467739,0.7067138,1.2893244,1.1669973,0.72812,0.0000431,0.15681,0.01355,0.05851,0.000269906
29-Sep-20,1,0.0000672,0.0094669,0.1466835,0.7130125,1.2865046,1.1701381,0.7305669,0.0000431,0.15700,0.01355,0.05903,0.000269995
30-Sep-20,1,0.0000669,0.0094602,0.1468644,0.7122507,1.2832029,1.1708231,0.7301402,0.0000431,0.15783,0.01359,0.05974,0.000269397
01-Oct-20,1,0.0000674,0.009479,0.1472581,0.7201498,1.2953368,1.1752262,0.7343222,0.0000431,0.15786,0.01366,0.06009,0.000270191
02-Oct-20,1,0.0000672,0.0095057,0.1472581,0.7164864,1.2936611,1.1730205,0.7336757,0.0000431,0.15753,0.01364,0.06052,0.000270665
03-Oct-20,1,0.0000672,0.0095057,0.1472581,0.7164864,1.2936611,1.1730205,0.7336757,0.0000431,0.15753,0.01364,0.06052,0.000270665
04-Oct-20,1,0.0000672,0.0095057,0.1472581,0.7164864,1.2936611,1.1730205,0.7336757,0.0000431,0.15753,0.01364,0.06052,0.000270665
05-Oct-20,1,0.0000679,0.0094712,0.1468644,0.718494,1.2958404,1.1767475,0.735186,0.0000431,0.15816,0.01368,0.06048,0.000270636
06-Oct-20,1,0.0000679,0.0094678,0.1472342,0.7160759,1.2953368,1.1795235,0.7357269,0.0000431,0.15827,0.01362,0.06037,0.000271003
07-Oct-20,1,0.0000678,0.0094364,0.1472472,0.7133176,1.2874984,1.1770245,0.7358352,0.0000431,0.15831,0.01364,0.06008,0.000270995
08-Oct-20,1,0.0000678,0.0094354,0.1472581,0.716435,1.2923236,1.1764706,0.7362686,0.0000431,0.15838,0.01364,0.06024,0.000270636
09-Oct-20,1,0.000068,0.0094398,0.1492159,0.7190106,1.2938284,1.1795235,0.737844,0.0000431,0.15898,0.01370,0.06079,0.000270636
10-Oct-20,1,0.000068,0.0094398,0.1492159,0.7190106,1.2938284,1.1795235,0.737844,0.0000431,0.15898,0.01370,0.06079,0.000270636
11-Oct-20,1,0.000068,0.0094398,0.1492159,0.7190106,1.2938284,1.1795235,0.737844,0.0000431,0.15898,0.01370,0.06079,0.000270636
12-Oct-20,1,0.0000679,0.009484,0.148269,0.7213446,1.3024225,1.179941,0.7369197,0.0000431,0.15898,0.01370,0.06079,0.000270636
13-Oct-20,1,0.0000677,0.0094766,0.1484737,0.7185973,1.3010669,1.1786893,0.736377,0.0000432,0.15805,0.01362,0.06062,0.000269906
14-Oct-20,1,0.0000679,0.0094988,0.1485619,0.7174116,1.299883,1.1749501,0.7368111,0.0000432,0.15778,0.01365,0.06056,0.000269906
15-Oct-20,1,0.0000677,0.009499,0.1485354,0.7066638,1.2921566,1.1698643,0.7341066,0.0000431,0.15693,0.01361,0.06000,0.000269537
16-Oct-20,1,0.0000678,0.0095,0.1493028,0.7092199,1.2914891,1.1741223,0.7364855,0.0000432,0.15785,0.01362,0.06047,0.000268608
17-Oct-20,1,0.0000678,0.0095,0.1493028,0.7092199,1.2914891,1.1741223,0.7364855,0.0000432,0.15785,0.01362,0.06047,0.000268608
18-Oct-20,1,0.0000678,0.0095,0.1493028,0.7092199,1.2914891,1.1741223,0.7364855,0.0000432,0.15785,0.01362,0.06047,0.000268608
19-Oct-20,1,0.0000679,0.0094956,0.1496177,0.7110353,1.3008976,1.1785504,0.7370283,0.0000432,0.15846,0.01364,0.06067,0.000267916
20-Oct-20,1,0.000068,0.0094639,0.1496491,0.7029383,1.2931592,1.1810559,0.7364855,0.0000431,0.15931,0.01361,0.06069,0.000267523
21-Oct-20,1,0.0000683,0.0095373,0.1502562,0.7083156,1.3059945,1.1852554,0.7376807,0.0000431,0.15928,0.01358,0.06134,0.000268211
22-Oct-20,1,0.0000678,0.0095546,0.1496715,0.7102273,1.3094147,1.1820331,0.7368111,0.0000432,0.15911,0.01357,0.06156,0.000268922
23-Oct-20,1,0.0000681,0.0095482,0.1497791,0.7151541,1.3075314,1.1855365,0.7369197,0.0000432,0.15918,0.01355,0.06169,0.000268384
24-Oct-20,1,0.0000681,0.0095482,0.1497791,0.7151541,1.3075314,1.1855365,0.7369197,0.0000432,0.15918,0.01355,0.06169,0.000268384
25-Oct-20,1,0.0000681,0.0095482,0.1497791,0.7151541,1.3075314,1.1855365,0.7369197,0.0000432,0.15918,0.01355,0.06169,0.000268384
26-Oct-20,1,0.000068,0.0095207,0.1489625,0.7123522,1.3022529,1.1818934,0.7343222,0.0000432,0.15860,0.01351,0.06161,0.000268958
27-Oct-20,1,0.0000682,0.009562,0.1491202,0.7134194,1.3042911,1.1831519,0.7358893,0.0000432,0.15916,0.01358,0.06200,0.000268456
28-Oct-20,1,0.0000678,0.009584,0.1487343,0.7063145,1.2934937,1.1727454,0.7322789,0.0000432,0.15733,0.01349,0.06108,0.000268059
29-Oct-20,1,0.0000676,0.0095864,0.1490357,0.7019514,1.2943308,1.170412,0.7320644,0.0000431,0.15753,0.01344,0.06098,0.000267987
30-Oct-20,1,0.0000684,0.0095603,0.1496715,0.7062646,1.2968487,1.1698643,0.7332991,0.0000431,0.15686,0.01341,0.06147,0.000267738
31-Oct-20,1,0.0000684,0.0095603,0.1496715,0.7062646,1.2968487,1.1698643,0.7332991,0.0000431,0.15686,0.01341,0.06147,0.000267738
01-Nov-20,1,0.0000684,0.0095603,0.1496715,0.7062646,1.2968487,1.1698643,0.7332991,0.0000431,0.15686,0.01341,0.06147,0.000267738
02-Nov-20,1,0.0000683,0.0095563,0.1494567,0.7047713,1.2938284,1.1652296,0.7327081,0.0000432,0.15669,0.01342,0.06153,0.000268097
03-Nov-20,1,0.0000691,0.009548,0.1496468,0.7132668,1.2995452,1.1701381,0.734538,0.0000432,0.15718,0.01341,0.06222,0.000268097
04-Nov-20,1,0.0000694,0.009583,0.1501953,0.7170515,1.3029316,1.1720581,0.7359435,0.0000432,0.15752,0.01344,0.06277,0.000267738
05-Nov-20,1,0.0000701,0.0096492,0.1513455,0.7247952,1.310616,1.1855365,0.740302,0.0000432,0.15926,0.01352,0.06337,0.000268025
06-Nov-20,1,0.0000701,0.0096772,0.1512722,0.7255841,1.3126805,1.1869436,0.7418948,0.0000432,0.15983,0.01351,0.06383,0.000269906
07-Nov-20,1,0.0000701,0.0096772,0.1512722,0.7255841,1.3126805,1.1869436,0.7418948,0.0000432,0.15983,0.01351,0.06383,0.000269906
08-Nov-20,1,0.0000701,0.0096772,0.1512722,0.7255841,1.3126805,1.1869436,0.7418948,0.0000432,0.15983,0.01351,0.06383,0.000269906
09-Nov-20,1,0.0000711,0.0095316,0.1514234,0.7319573,1.3170025,1.1883541,0.7449899,0.0000431,0.15930,0.01352,0.06512,0.000271211
10-Nov-20,1,0.0000712,0.009495,0.1511762,0.7272198,1.3239772,1.180777,0.7414547,0.0000432,0.15885,0.01346,0.06407,0.000271048
11-Nov-20,1,0.0000706,0.0094834,0.1509571,0.7275373,1.3229263,1.176609,0.7410152,0.0000432,0.15885,0.01346,0.06407,0.000270812
12-Nov-20,1,0.0000704,0.0094897,0.1509639,0.7250054,1.3135426,1.1791062,0.7405762,0.0000432,0.15805,0.01340,0.06402,0.000270636
13-Nov-20,1,0.0000706,0.0095375,0.1513363,0.7248478,1.3173495,1.1814745,0.7415097,0.0000432,0.15861,0.01340,0.06430,0.000271003
14-Nov-20,1,0.0000706,0.0095375,0.1513363,0.7248478,1.3173495,1.1814745,0.7415097,0.0000432,0.15861,0.01340,0.06430,0.000271003
15-Nov-20,1,0.0000706,0.0095375,0.1513363,0.7248478,1.3173495,1.1814745,0.7415097,0.0000432,0.15861,0.01340,0.06430,0.000271003
16-Nov-20,1,0.0000709,0.0095288,0.1517727,0.7290755,1.317176,1.1830119,0.7424456,0.0000432,0.15880,0.01344,0.06515,0.000270929
17-Nov-20,1,0.0000708,0.0095993,0.1525437,0.7318501,1.3262599,1.1882129,0.7443799,0.0000432,0.15955,0.01343,0.06488,0.000270636
18-Nov-20,1,0.0000709,0.0096269,0.1525064,0.7314219,1.3278449,1.1868028,0.745601,0.0000432,0.15938,0.01349,0.06483,0.000270082
19-Nov-20,1,0.0000703,0.0096133,0.1518349,0.7271141,1.323802,1.1831519,0.7430525,0.0000432,0.15904,0.01348,0.06466,0.000269906
20-Nov-20,1,0.0000704,0.0096306,0.1522533,0.7310476,1.32714,1.1862396,0.7444908,0.0000432,0.15903,0.01349,0.06523,0.000270197
21-Nov-20,1,0.0000704,0.0096306,0.1522533,0.7310476,1.32714,1.1862396,0.7444908,0.0000432,0.15903,0.01349,0.06523,0.000270197
22-Nov-20,1,0.0000704,0.0096306,0.1522533,0.7310476,1.32714,1.1862396,0.7444908,0.0000432,0.15903,0.01349,0.06523,0.000270197
23-Nov-20,1,0.0000707,0.0096388,0.1522302,0.7331378,1.3388673,1.1900512,0.7459347,0.0000431,0.15941,0.01348,0.06491,0.000270812
24-Nov-20,1,0.0000702,0.0095639,0.1518188,0.7335143,1.3329779,1.1865211,0.7443245,0.0000432,0.15984,0.01350,0.06550,0.00027027
25-Nov-20,1,0.0000707,0.009574,0.1520681,0.7344301,1.3340448,1.1890606,0.744768,0.0000432,0.15995,0.01355,0.06577,0.000270343
26-Nov-20,1,0.0000707,0.0095937,0.1520681,0.7362686,1.3351135,1.1900512,0.7469934,0.0000432,0.15976,0.01355,0.06570,0.000271003
27-Nov-20,1,0.0000707,0.0095967,0.1520242,0.7367568,1.3329779,1.1921793,0.7472166,0.0000432,0.16038,0.01351,0.06554,0.000270636
28-Nov-20,1,0.0000707,0.0095967,0.1520242,0.7367568,1.3329779,1.1921793,0.7472166,0.0000432,0.16038,0.01351,0.06554,0.000270636
29-Nov-20,1,0.0000707,0.0095967,0.1520242,0.7367568,1.3329779,1.1921793,0.7472166,0.0000432,0.16038,0.01351,0.06554,0.000270636
30-Nov-20,1,0.0000706,0.0096001,0.1520334,0.7374087,1.3333333,1.1980352,0.7473842,0.0000432,0.16083,0.01351,0.06484,0.00027027
01-Dec-20,1,0.0000705,0.0095805,0.1521885,0.7354023,1.3328002,1.1967449,0.7457678,0.0000432,0.16099,0.01360,0.06551,0.000271084
02-Dec-20,1,0.0000704,0.0095663,0.1523438,0.7364313,1.3333333,1.2065637,0.7459347,0.0000432,0.16223,0.01356,0.06516,0.000271362
03-Dec-20,1,0.0000707,0.0096063,0.1527137,0.7426662,1.344809,1.2150668,0.7487832,0.0000432,0.16367,0.01355,0.06581,0.00027137
04-Dec-20,1,0.0000706,0.0096164,0.1530948,0.7420049,1.3468013,1.2159533,0.7503001,0.0000432,0.16408,0.01355,0.06587,0.000272109
05-Dec-20,1,0.0000706,0.0096164,0.1530948,0.7420049,1.3468013,1.2159533,0.7503001,0.0000432,0.16408,0.01355,0.06587,0.000272109
06-Dec-20,1,0.0000706,0.0096164,0.1530948,0.7420049,1.3468013,1.2159533,0.7503001,0.0000432,0.16408,0.01355,0.06587,0.000272109
07-Dec-20,1,0.0000705,0.0096025,0.1529192,0.7406859,1.3296104,1.2128563,0.748111,0.0000432,0.16306,0.01354,0.06602,0.000272109
08-Dec-20,1,0.0000707,0.0096006,0.1531183,0.7416197,1.3290803,1.211387,0.7473842,0.0000432,0.16267,0.01357,0.06664,0.000271799
09-Dec-20,1,0.0000709,0.0096065,0.1529543,0.748167,1.3455328,1.210947,0.7486711,0.0000432,0.16236,0.01357,0.06682,0.000272109
10-Dec-20,1,0.0000709,0.0095748,0.1528631,0.7496252,1.3297872,1.2115338,0.7477195,0.0000432,0.16309,0.01356,0.06652,0.000272183
11-Dec-20,1,0.000071,0.0096033,0.1527604,0.7536931,1.3138878,1.2127092,0.7479991,0.0000432,0.16295,0.01356,0.06610,0.000272871
12-Dec-20,1,0.000071,0.0096033,0.1527604,0.7536931,1.3138878,1.2127092,0.7479991,0.0000432,0.16295,0.01356,0.06610,0.000272871
13-Dec-20,1,0.000071,0.0096033,0.1527604,0.7536931,1.3138878,1.2127092,0.7479991,0.0000432,0.16295,0.01356,0.06610,0.000272871
14-Dec-20,1,0.0000706,0.009644,0.1528117,0.7571169,1.340842,1.2162491,0.750638,0.0000432,0.16301,0.01358,0.06654,0.000273365
15-Dec-20,1,0.0000706,0.0096288,0.1527767,0.7534092,1.3370771,1.2140342,0.7496252,0.0000432,0.16341,0.01359,0.06700,0.000273584
16-Dec-20,1,0.0000706,0.0096761,0.1530643,0.756945,1.3550136,1.2189176,0.7522756,0.0000432,0.16386,0.01358,0.06730,0.000274499
17-Dec-20,1,0.0000708,0.0097044,0.1530643,0.7628929,1.3599891,1.2245898,0.75466,0.0000432,0.16430,0.01359,0.06815,0.000273973
18-Dec-20,1,0.0000707,0.0096764,0.152959,0.7610929,1.3497098,1.2259409,0.7528987,0.0000432,0.16455,0.01360,0.06869,0.000274439
19-Dec-20,1,0.0000707,0.0096764,0.152959,0.7610929,1.3497098,1.2259409,0.7528987,0.0000432,0.16455,0.01360,0.06869,0.000274439
20-Dec-20,1,0.0000707,0.0096764,0.152959,0.7610929,1.3497098,1.2259409,0.7528987,0.0000432,0.16455,0.01360,0.06869,0.000274439
21-Dec-20,1,0.0000702,0.009658,0.1525739,0.7514277,1.3287271,1.2172855,0.74744,0.0000432,0.16408,0.01351,0.06829,0.000274725
22-Dec-20,1,0.0000703,0.0096736,0.1528795,0.755915,1.3428226,1.2238404,0.7496252,0.0000432,0.16403,0.01354,0.06825,0.000273973
23-Dec-20,1,0.0000701,0.0096563,0.1529379,0.7548309,1.3413816,1.216545,0.7493443,0.0000432,0.16388,0.01356,0.06854,0.000274348
24-Dec-20,1,0.0000704,0.0096479,0.1531323,0.760225,1.3579576,1.2193635,0.7528987,0.0000432,0.16397,0.01360,0.06839,0.000274871
25-Dec-20,1,0.0000704,0.0096479,0.1531323,0.760225,1.3579576,1.2193635,0.7528987,0.0000432,0.16397,0.01360,0.06839,0.000274871
26-Dec-20,1,0.0000704,0.0096479,0.1531323,0.760225,1.3579576,1.2193635,0.7528987,0.0000432,0.16397,0.01360,0.06839,0.000274871
27-Dec-20,1,0.0000704,0.0096479,0.1531323,0.760225,1.3579576,1.2193635,0.7528987,0.0000432,0.16397,0.01360,0.06839,0.000274871
28-Dec-20,1,0.0000705,0.0096562,0.1529169,0.759763,1.351534,1.2218964,0.7525587,0.0000432,0.16397,0.01360,0.06839,0.000275011
29-Dec-20,1,0.0000708,0.0096353,0.1531042,0.7604563,1.3491635,1.2259409,0.7532957,0.0000433,0.16496,0.01363,0.06805,0.000274725
30-Dec-20,1,0.0000712,0.0097029,0.1532567,0.7663422,1.3599891,1.2280486,0.7554011,0.0000433,0.16529,0.01367,0.06832,0.000274574
31-Dec-20,1,0.0000712,0.0097012,0.1529567,0.7719623,1.3650014,1.2271444,0.7566013,0.0000433,0.16501,0.01370,0.06817,0.000273823
01-Jan-21,1,0.0000712,0.0097012,0.1529567,0.7719623,1.3650014,1.2271444,0.7566013,0.0000433,0.16501,0.01370,0.06817,0.000272177
02-Jan-21,1,0.0000712,0.0097012,0.1529567,0.7719623,1.3650014,1.2271444,0.7566013,0.0000433,0.16501,0.01370,0.06817,0.000272177
03-Jan-21,1,0.0000712,0.0097012,0.1529567,0.7719623,1.3650014,1.2271444,0.7566013,0.0000433,0.16501,0.01370,0.06817,0.000272177
04-Jan-21,1,0.0000721,0.0097109,0.1546982,0.7719623,1.3638843,1.2295586,0.7591285,0.0000433,0.16471,0.01369,0.06818,0.000272274
05-Jan-21,1,0.0000719,0.0097196,0.1547125,0.7704754,1.3583265,1.2271444,0.7583801,0.0000433,0.16558,0.01367,0.06666,0.000271003
06-Jan-21,1,0.0000719,0.0097127,0.1548971,0.7797271,1.3612851,1.2338063,0.7594744,0.0000433,0.16574,0.01367,0.06638,0.000270636
07-Jan-21,1,0.0000711,0.0096563,0.154624,0.7751938,1.3610998,1.2275964,0.755287,0.0000433,0.16504,0.01362,0.06488,0.000271215
08-Jan-21,1,0.000071,0.009626,0.154703,0.7773632,1.3592497,1.2250398,0.7548879,0.0000434,0.16450,0.01364,0.06532,0.000271003
09-Jan-21,1,0.000071,0.009626,0.154703,0.7773632,1.3592497,1.2250398,0.7548879,0.0000434,0.16450,0.01364,0.06532,0.000271003
10-Jan-21,1,0.000071,0.009626,0.154703,0.7773632,1.3592497,1.2250398,0.7548879,0.0000434,0.16450,0.01364,0.06532,0.000271003
11-Jan-21,1,0.0000704,0.0095953,0.15434,0.7706535,1.3478906,1.2162491,0.7517101,0.0000434,0.16351,0.01361,0.06437,0.000270636
12-Jan-21,1,0.0000707,0.0095952,0.1547676,0.772499,1.3596193,1.2161012,0.7531822,0.0000434,0.16359,0.01365,0.06516,0.000270051
13-Jan-21,1,0.0000708,0.009622,0.1545547,0.7732158,1.3672409,1.216545,0.7538067,0.0000434,0.16379,0.01367,0.06555,0.000270636
14-Jan-21,1,0.0000712,0.0096062,0.154624,0.7750736,1.3631407,1.2124151,0.7535227,0.0000434,0.16339,0.01368,0.06616,0.00027027
15-Jan-21,1,0.0000712,0.0096413,0.1544354,0.773156,1.3622122,1.2122682,0.7527286,0.0000434,0.16279,0.01367,0.06573,0.00027027
16-Jan-21,1,0.0000712,0.0096413,0.1544354,0.773156,1.3622122,1.2122682,0.7527286,0.0000434,0.16279,0.01367,0.06573,0.00027027
17-Jan-21,1,0.0000712,0.0096413,0.1544354,0.773156,1.3622122,1.2122682,0.7527286,0.0000434,0.16279,0.01367,0.06573,0.00027027
18-Jan-21,1,0.0000707,0.0096373,0.1539575,0.7674008,1.354463,1.2064181,0.7503564,0.0000434,0.16234,0.01366,0.06575,0.00027137
19-Jan-21,1,0.000071,0.0096164,0.1543305,0.7716049,1.3616558,1.2131506,0.7528987,0.0000434,0.16295,0.01366,0.06681,0.000270636
20-Jan-21,1,0.0000712,0.009633,0.1545619,0.7724394,1.3663069,1.2100678,0.7537499,0.0000433,0.16337,0.01371,0.06707,0.000271518
21-Jan-21,1,0.0000715,0.0096707,0.1547772,0.777605,1.3719303,1.2158055,0.7560293,0.0000434,0.16335,0.01370,0.06713,0.000271592
22-Jan-21,1,0.0000709,0.0096347,0.1542472,0.7709506,1.3653741,1.2158055,0.752842,0.0000433,0.16338,0.01370,0.06627,0.000271739
23-Jan-21,1,0.0000709,0.0096347,0.1542472,0.7709506,1.3653741,1.2158055,0.752842,0.0000433,0.16338,0.01370,0.06627,0.000271739
24-Jan-21,1,0.0000709,0.0096347,0.1542472,0.7709506,1.3653741,1.2158055,0.752842,0.0000433,0.16338,0.01370,0.06627,0.000271739
25-Jan-21,1,0.000071,0.0096399,0.1543853,0.7726184,1.3685507,1.2152145,0.7536363,0.0000434,0.16311,0.01371,0.06569,0.000271739
26-Jan-21,1,0.0000709,0.0096427,0.1546145,0.7729767,1.3691128,1.2143291,0.7542616,0.0000434,0.16345,0.01371,0.06626,0.000271739
27-Jan-21,1,0.0000707,0.0096242,0.1544926,0.7694083,1.3704262,1.211387,0.7529553,0.0000434,0.16264,0.01369,0.06567,0.000272839
28-Jan-21,1,0.0000708,0.0095808,0.1545643,0.759763,1.3646288,1.2090436,0.7501313,0.0000434,0.16337,0.01371,0.06615,0.00027173
29-Jan-21,1,0.0000714,0.0095521,0.1554968,0.7671653,1.3730606,1.2135922,0.7527853,0.0000434,0.16329,0.01372,0.06621,0.000271739
30-Jan-21,1,0.0000714,0.0095521,0.1554968,0.7671653,1.3730606,1.2135922,0.7527853,0.0000434,0.16329,0.01372,0.06621,0.000271739
31-Jan-21,1,0.0000714,0.0095521,0.1554968,0.7671653,1.3730606,1.2135922,0.7527853,0.0000434,0.16329,0.01372,0.06621,0.000271739
01-Feb-21,1,0.000071,0.0095322,0.1546384,0.7633005,1.3700507,1.2084592,0.7509199,0.0000434,0.16224,0.01367,0.06648,0.000271813
02-Feb-21,1,0.0000714,0.009524,0.1548947,0.7599939,1.3674279,1.204384,0.7508071,0.0000434,0.16177,0.01371,0.06672,0.000273384
03-Feb-21,1,0.0000713,0.0095184,0.1548131,0.7614986,1.3633265,1.2016342,0.750075,0.0000434,0.16169,0.01373,0.06688,0.000273149
04-Feb-21,1,0.0000712,0.0095025,0.154703,0.7627765,1.3679891,1.1996161,0.748559,0.0000434,0.16099,0.01370,0.06648,0.000273224
05-Feb-21,1,0.0000712,0.0094563,0.15455,0.7602828,1.3689254,1.1983223,0.7473842,0.0000435,0.16150,0.01373,0.06719,0.000273299
06-Feb-21,1,0.0000712,0.0094563,0.15455,0.7602828,1.3689254,1.1983223,0.7473842,0.0000435,0.16150,0.01373,0.06719,0.000273299
07-Feb-21,1,0.0000712,0.0094563,0.15455,0.7602828,1.3689254,1.1983223,0.7473842,0.0000435,0.16150,0.01373,0.06719,0.000273299
08-Feb-21,1,0.0000713,0.0094707,0.1549259,0.7662835,1.3691128,1.2025012,0.748447,0.0000435,0.16199,0.01371,0.06719,0.000273224
09-Feb-21,1,0.0000715,0.0095623,0.1553905,0.7719027,1.3781698,1.2103607,0.753012,0.0000435,0.16296,0.01372,0.06772,0.000273224
10-Feb-21,1,0.0000715,0.0095458,0.1550075,0.7733354,1.3835086,1.2127092,0.7541478,0.0000435,0.16312,0.01373,0.06795,0.000273
11-Feb-21,1,0.0000716,0.0095555,0.1548419,0.7767594,1.3842746,1.2147716,0.7554011,0.0000435,0.16304,0.01376,0.06833,0.000273224
12-Feb-21,1,0.0000715,0.0095226,0.1548203,0.7728573,1.3796909,1.2108003,0.7536363,0.0000435,0.16312,0.01378,0.06858,0.000273903
13-Feb-21,1,0.0000715,0.0095226,0.1548203,0.7728573,1.3796909,1.2108003,0.7536363,0.0000435,0.16312,0.01378,0.06858,0.000273903
14-Feb-21,1,0.0000715,0.0095226,0.1548203,0.7728573,1.3796909,1.2108003,0.7536363,0.0000435,0.16312,0.01378,0.06858,0.000273903
15-Feb-21,1,0.000072,0.0094966,0.1548419,0.7774236,1.3906272,1.2128563,0.755915,0.0000435,0.16312,0.01378,0.06858,0.000273598
16-Feb-21,1,0.0000715,0.0094749,0.1548419,0.7777259,1.3904338,1.2143291,0.7548879,0.0000435,0.16289,0.01373,0.06829,0.000273823
17-Feb-21,1,0.0000711,0.0094263,0.1548419,0.7744134,1.3867702,1.2059817,0.7524454,0.0000435,0.16189,0.01373,0.06805,0.000273598
18-Feb-21,1,0.0000711,0.0094635,0.1545834,0.7786949,1.396258,1.2084592,0.7539204,0.0000435,0.16213,0.01377,0.06839,0.000273973
19-Feb-21,1,0.000071,0.0094977,0.1549955,0.7859781,1.4033118,1.2138869,0.755915,0.0000434,0.16317,0.01379,0.06816,0.000273211
20-Feb-21,1,0.000071,0.0094977,0.1549955,0.7859781,1.4033118,1.2138869,0.755915,0.0000434,0.16317,0.01379,0.06816,0.000273211
21-Feb-21,1,0.000071,0.0094977,0.1549955,0.7859781,1.4033118,1.2138869,0.755915,0.0000434,0.16317,0.01379,0.06816,0.000273211
22-Feb-21,1,0.0000706,0.0094789,0.1546647,0.7882705,1.4021312,1.2132977,0.7555723,0.0000434,0.16342,0.01380,0.06789,0.000272851
23-Feb-21,1,0.0000709,0.0094882,0.1546766,0.7896399,1.4068655,1.2143291,0.7566586,0.0000434,0.16345,0.01380,0.06848,0.000272851
24-Feb-21,1,0.0000712,0.0094382,0.1549979,0.7914523,1.4118311,1.2146241,0.7568304,0.0000434,0.16360,0.01381,0.06873,0.000272777
25-Feb-21,1,0.0000705,0.0094234,0.1549475,0.7981483,1.4148274,1.2224939,0.7583801,0.0000434,0.16374,0.01375,0.06717,0.000273224
26-Feb-21,1,0.0000698,0.0094085,0.1546336,0.7767594,1.3923698,1.2121212,0.7525587,0.0000435,0.16253,0.01353,0.06624,0.000273224
27-Feb-21,1,0.0000698,0.0094085,0.1546336,0.7767594,1.3923698,1.2121212,0.7525587,0.0000435,0.16253,0.01353,0.06624,0.000273224
28-Feb-21,1,0.0000698,0.0094085,0.1546336,0.7767594,1.3923698,1.2121212,0.7525587,0.0000435,0.16253,0.01353,0.06624,0.000273224
01-Mar-21,1,0.0000699,0.0093703,0.1545858,0.7741136,1.3925637,1.2052549,0.7513148,0.0000434,0.16223,0.01362,0.06675,0.000273299
02-Mar-21,1,0.0000698,0.0093545,0.1545213,0.7799095,1.3915948,1.2027905,0.7509763,0.0000434,0.16216,0.01364,0.06669,0.000273598
03-Mar-21,1,0.0000701,0.0093533,0.1546647,0.7795447,1.3952839,1.2048193,0.7510891,0.0000434,0.16219,0.01372,0.06655,0.000273598
04-Mar-21,1,0.0000701,0.0093121,0.1545882,0.7789375,1.3948947,1.2033694,0.7509763,0.0000434,0.16189,0.01375,0.06596,0.000273598
05-Mar-21,1,0.0000695,0.0092328,0.1540595,0.7669888,1.3833172,1.1937448,0.7457678,0.0000434,0.16093,0.01366,0.06513,0.000274071
06-Mar-21,1,0.0000695,0.0092328,0.1540595,0.7669888,1.3833172,1.1937448,0.7457678,0.0000434,0.16093,0.01366,0.06513,0.000274071
07-Mar-21,1,0.0000695,0.0092328,0.1540595,0.7669888,1.3833172,1.1937448,0.7457678,0.0000434,0.16093,0.01366,0.06513,0.000274071
08-Mar-21,1,0.0000696,0.0092056,0.1532168,0.7655795,1.384083,1.1866619,0.7417847,0.0000434,0.15970,0.01363,0.06455,0.000274071
09-Mar-21,1,0.0000694,0.0091846,0.1535155,0.7703567,1.3877324,1.1893435,0.7428869,0.0000434,0.15953,0.01372,0.06516,0.000273748
10-Mar-21,1,0.0000694,0.00921,0.1535768,0.7707129,1.3883104,1.189202,0.7423905,0.0000434,0.16005,0.01374,0.06611,0.000273697
11-Mar-21,1,0.0000694,0.0092197,0.1542115,0.7780285,1.3970383,1.1968881,0.7465472,0.0000434,0.16113,0.01376,0.06722,0.000273224
12-Mar-21,1,0.0000695,0.0091694,0.1537043,0.7751938,1.3902405,1.1933174,0.7433286,0.0000434,0.16119,0.01375,0.06688,0.000272851
13-Mar-21,1,0.0000695,0.0091694,0.1537043,0.7751938,1.3902405,1.1933174,0.7433286,0.0000434,0.16119,0.01375,0.06688,0.000272851
14-Mar-21,1,0.0000695,0.0091694,0.1537043,0.7751938,1.3902405,1.1933174,0.7433286,0.0000434,0.16119,0.01375,0.06688,0.000272851
15-Mar-21,1,0.0000694,0.0091573,0.1537917,0.7730963,1.3914011,1.1920372,0.7431629,0.0000433,0.16027,0.01378,0.06708,0.000273224
16-Mar-21,1,0.0000693,0.0091823,0.1538462,0.7748935,1.3875399,1.1926058,0.7431077,0.0000433,0.16052,0.01379,0.06730,0.000273224
17-Mar-21,1,0.0000692,0.0091578,0.1537681,0.7718432,1.3898541,1.1907597,0.7425007,0.0000434,0.16023,0.01377,0.06740,0.000272851
18-Mar-21,1,0.0000694,0.0091574,0.1536901,0.7761565,1.3919822,1.1911852,0.7438816,0.0000434,0.16002,0.01377,0.06772,0.000273
19-Mar-21,1,0.0000694,0.0091794,0.1536051,0.773874,1.3865779,1.1890606,0.7446016,0.0000433,0.15997,0.01380,0.06791,0.000273548
20-Mar-21,1,0.0000694,0.0091794,0.1536051,0.773874,1.3865779,1.1890606,0.7446016,0.0000433,0.15997,0.01380,0.06791,0.000273548
21-Mar-21,1,0.0000694,0.0091794,0.1536051,0.773874,1.3865779,1.1890606,0.7446016,0.0000433,0.15997,0.01380,0.06791,0.000273548
22-Mar-21,1,0.0000694,0.0091901,0.1537208,0.7744134,1.3829346,1.1926058,0.7457678,0.0000433,0.16017,0.01382,0.06796,0.000273299
23-Mar-21,1,0.0000695,0.0092123,0.1535933,0.7671065,1.3785498,1.1883541,0.744768,0.0000433,0.15992,0.01380,0.06765,0.000273673
24-Mar-21,1,0.0000692,0.0091952,0.153306,0.7613247,1.3709899,1.1824524,0.7429421,0.0000433,0.15934,0.01377,0.06726,0.000273224
25-Mar-21,1,0.0000693,0.0091666,0.1528351,0.7590709,1.3711778,1.1802195,0.7423354,0.0000433,0.15841,0.01376,0.06656,0.000273772
26-Mar-21,1,0.0000694,0.0091093,0.1528888,0.762137,1.3779799,1.1781338,0.7426662,0.0000433,0.15836,0.01377,0.06661,0.000273809
27-Mar-21,1,0.0000694,0.0091093,0.1528888,0.762137,1.3779799,1.1781338,0.7426662,0.0000433,0.15836,0.01377,0.06661,0.000273809
28-Mar-21,1,0.0000694,0.0091093,0.1528888,0.762137,1.3779799,1.1781338,0.7426662,0.0000433,0.15836,0.01377,0.06661,0.000273809
29-Mar-21,1,0.0000692,0.0091214,0.1523786,0.7652866,1.3844663,1.1784115,0.7429973,0.0000433,0.15839,0.01374,0.06693,0.000273523
30-Mar-21,1,0.0000688,0.0090678,0.1521769,0.7614406,1.3751375,1.1741223,0.7423905,0.0000433,0.15770,0.01362,0.06703,0.000273373
31-Mar-21,1,0.0000688,0.0090255,0.1526461,0.7607455,1.3760837,1.1724704,0.743605,0.0000433,0.15806,0.01367,0.06774,0.000273224
01-Apr-21,1,0.0000688,0.0090333,0.1521607,0.7578054,1.3787398,1.1745361,0.7433839,0.0000434,0.15822,0.01363,0.06829,0.000273598
02-Apr-21,1,0.0000688,0.0090333,0.1521607,0.7578054,1.3787398,1.1745361,0.7433839,0.0000433,0.15822,0.01363,0.06829,0.000273598
03-Apr-21,1,0.0000688,0.0090333,0.1521607,0.7578054,1.3787398,1.1745361,0.7433839,0.0000433,0.15822,0.01363,0.06829,0.000273598
04-Apr-21,1,0.0000688,0.0090333,0.1521607,0.7578054,1.3787398,1.1745361,0.7433839,0.0000433,0.15822,0.01363,0.06829,0.000273598
05-Apr-21,1,0.0000688,0.0090333,0.1521607,0.7578054,1.3787398,1.1745361,0.7433839,0.0000433,0.15822,0.01364,0.06870,0.000274063
06-Apr-21,1,0.0000689,0.0090673,0.1526298,0.7629511,1.3838915,1.1811954,0.7457122,0.0000433,0.15887,0.01361,0.06883,0.000273973
07-Apr-21,1,0.0000687,0.0091023,0.1528281,0.7627183,1.380834,1.1883541,0.746603,0.0000433,0.15968,0.01344,0.06875,0.00027471
08-Apr-21,1,0.0000688,0.0091535,0.1527091,0.7640587,1.3758943,1.1873664,0.7459903,0.0000433,0.15976,0.01341,0.06891,0.000274597
09-Apr-21,1,0.0000685,0.0091152,0.152539,0.7630675,1.3717421,1.1887779,0.7457678,0.0000434,0.16025,0.01338,0.06849,0.00027465
10-Apr-21,1,0.0000685,0.0091152,0.152539,0.7630675,1.3717421,1.1887779,0.7457678,0.0000434,0.16025,0.01338,0.06849,0.00027465
11-Apr-21,1,0.0000685,0.0091152,0.152539,0.7630675,1.3717421,1.1887779,0.7457678,0.0000434,0.16025,0.01338,0.06849,0.00027465
12-Apr-21,1,0.0000684,0.0091429,0.1527977,0.7624276,1.3758943,1.1903345,0.7456566,0.0000434,0.15994,0.01333,0.06860,0.00027533
13-Apr-21,1,0.0000682,0.0091346,0.1526997,0.7600517,1.3721186,1.1896265,0.7443799,0.0000434,0.16072,0.01328,0.06870,0.000276702
14-Apr-21,1,0.0000684,0.0091798,0.1530972,0.7688168,1.3764625,1.1964585,0.7478313,0.0000433,0.16120,0.01332,0.06935,0.000275862
15-Apr-21,1,0.0000684,0.0091978,0.1532074,0.7748334,1.3796909,1.1970314,0.7493443,0.0000433,0.16048,0.01336,0.07048,0.000276625
16-Apr-21,1,0.0000688,0.0091938,0.1533578,0.775314,1.3810247,1.1986096,0.750075,0.0000434,0.16117,0.01343,0.06990,0.000276625
17-Apr-21,1,0.0000688,0.0091938,0.1533578,0.775314,1.3810247,1.1986096,0.750075,0.0000434,0.16117,0.01343,0.06990,0.000276625
18-Apr-21,1,0.0000688,0.0091938,0.1533578,0.775314,1.3810247,1.1986096,0.750075,0.0000434,0.16117,0.01343,0.06990,0.000276625
19-Apr-21,1,0.0000689,0.0092513,0.1536594,0.77688,1.3937282,1.2035143,0.7515407,0.0000433,0.16153,0.01336,0.07021,0.000276396
20-Apr-21,1,0.0000688,0.0092246,0.153903,0.7779074,1.396453,1.2051097,0.7527853,0.0000433,0.16139,0.01327,0.06993,0.000276472
21-Apr-21,1,0.0000687,0.0092504,0.1539148,0.7719623,1.392176,1.2007685,0.7518232,0.0000433,0.16254,0.01326,0.07015,0.000277486
22-Apr-21,1,0.0000688,0.0092448,0.1540785,0.7730963,1.3869626,1.204529,0.752842,0.0000433,0.16209,0.01332,0.06991,0.000278064
23-Apr-21,1,0.0000688,0.009283,0.1540595,0.7739339,1.3885032,1.2065637,0.7536363,0.0000433,0.16218,0.01334,0.07006,0.000277701
24-Apr-21,1,0.0000688,0.009283,0.1540595,0.7739339,1.3885032,1.2065637,0.7536363,0.0000433,0.16218,0.01334,0.07006,0.000277701
25-Apr-21,1,0.0000688,0.009283,0.1540595,0.7739339,1.3885032,1.2065637,0.7536363,0.0000433,0.16218,0.01334,0.07006,0.000277701
26-Apr-21,1,0.000069,0.0092577,0.1541877,0.7787555,1.3894678,1.2084592,0.7540341,0.0000434,0.16284,0.01337,0.07009,0.000278087
27-Apr-21,1,0.0000689,0.0092359,0.1542377,0.7782101,1.391014,1.2087514,0.7543754,0.0000434,0.16248,0.01341,0.06962,0.000278009
28-Apr-21,1,0.000069,0.0091808,0.1542139,0.7748935,1.3875399,1.2070006,0.7539204,0.0000434,0.16276,0.01343,0.07002,0.000278164
29-Apr-21,1,0.0000694,0.0091747,0.1545834,0.7797879,1.3956734,1.2128563,0.7544892,0.0000434,0.16304,0.01350,0.06990,0.00027972
30-Apr-21,1,0.0000693,0.0091795,0.1546312,0.7754342,1.391014,1.2081672,0.753012,0.0000434,0.16239,0.01351,0.06913,0.000280673
01-May-21,1,0.0000693,0.0091795,0.1546312,0.7754342,1.391014,1.2081672,0.753012,0.0000434,0.16239,0.01351,0.06913,0.000280673
02-May-21,1,0.0000693,0.0091795,0.1546312,0.7754342,1.391014,1.2081672,0.753012,0.0000434,0.16239,0.01351,0.06913,0.000280673
03-May-21,1,0.0000693,0.0091312,0.1544759,0.7733952,1.3869626,1.204384,0.7506944,0.0000434,0.16216,0.01354,0.06940,0.000280899
04-May-21,1,0.0000691,0.0091582,0.1538462,0.7701787,1.3854253,1.2020676,0.7478872,0.0000434,0.16201,0.01354,0.06906,0.000280662
05-May-21,1,0.0000693,0.0091502,0.1546312,0.7739938,1.3914011,1.2004802,0.7486711,0.0000434,0.16143,0.01354,0.06952,0.000281294
06-May-21,1,0.0000699,0.0091579,0.1545094,0.775735,1.3908206,1.2059817,0.749232,0.0000434,0.16274,0.01357,0.07026,0.000281611
07-May-21,1,0.0000701,0.0091522,0.1549811,0.7768197,1.3890818,1.2058362,0.7508071,0.0000434,0.16250,0.01364,0.07094,0.000282112
08-May-21,1,0.0000701,0.0091522,0.1549811,0.7768197,1.3890818,1.2058362,0.7508071,0.0000434,0.16250,0.01364,0.07094,0.000282112
09-May-21,1,0.0000701,0.0091522,0.1549811,0.7768197,1.3890818,1.2058362,0.7508071,0.0000434,0.16250,0.01364,0.07094,0.000282112
10-May-21,1,0.0000708,0.0091973,0.1559235,0.7885192,1.4118311,1.2168411,0.7553441,0.0000434,0.16392,0.01363,0.07126,0.000281928
11-May-21,1,0.0000705,0.0092113,0.1556735,0.784683,1.4148274,1.2169892,0.754717,0.0000434,0.16375,0.01362,0.07144,0.000283052
12-May-21,1,0.0000701,0.0091928,0.1552578,0.7805183,1.4124294,1.2118274,0.7525587,0.0000434,0.16280,0.01361,0.07112,0.000283052
13-May-21,1,0.0000698,0.0091267,0.1549451,0.7708317,1.4037058,1.2081672,0.7494566,0.0000434,0.16231,0.01360,0.07081,0.000283052
14-May-21,1,0.0000699,0.0091501,0.155376,0.7754342,1.4082524,1.2122682,0.7501313,0.0000434,0.16325,0.01365,0.07084,0.000283286
15-May-21,1,0.0000699,0.0091501,0.155376,0.7754342,1.4082524,1.2122682,0.7501313,0.0000434,0.16325,0.01365,0.07084,0.000283286
16-May-21,1,0.0000699,0.0091501,0.155376,0.7754342,1.4082524,1.2122682,0.7501313,0.0000434,0.16325,0.01365,0.07084,0.000283286
17-May-21,1,0.0000697,0.0091576,0.1552289,0.7742935,1.4084507,1.2143291,0.748167,0.0000434,0.16385,0.01364,0.07081,0.000283773
18-May-21,1,0.0000701,0.0091833,0.1556929,0.780884,1.4212621,1.2221951,0.7523322,0.0000434,0.16396,0.01369,0.07145,0.000282885
19-May-21,1,0.0000696,0.0091613,0.1553808,0.7746533,1.41623,1.2211503,0.7508071,0.0000434,0.16390,0.01366,0.07115,0.000281611
20-May-21,1,0.0000694,0.0091786,0.1553277,0.7754944,1.4124294,1.2202563,0.750469,0.0000434,0.16464,0.01369,0.07143,0.00028082
21-May-21,1,0.0000697,0.0091909,0.1554726,0.7763975,1.4194464,1.218769,0.7514842,0.0000434,0.16368,0.01373,0.07170,0.000281659
22-May-21,1,0.0000697,0.0091909,0.1554726,0.7763975,1.4194464,1.218769,0.7514842,0.0000434,0.16368,0.01373,0.07170,0.000281659
23-May-21,1,0.0000697,0.0091909,0.1554726,0.7763975,1.4194464,1.218769,0.7514842,0.0000434,0.16368,0.01373,0.07170,0.000281659
24-May-21,1,0.0000697,0.009184,0.1555936,0.7727378,1.4132278,1.2211503,0.7521625,0.0000434,0.16368,0.01373,0.07170,0.00028169
25-May-21,1,0.0000698,0.0091872,0.156111,0.7769404,1.4166313,1.226392,0.7544892,0.0000434,0.16461,0.01374,0.07219,0.000281452
26-May-21,1,0.00007,0.0091837,0.1564823,0.7773028,1.4166313,1.2229424,0.7554011,0.0000434,0.16418,0.01375,0.07254,0.000282486
27-May-21,1,0.0000699,0.0091426,0.1567693,0.7743534,1.4172336,1.2198097,0.7554582,0.0000434,0.16425,0.01377,0.07266,0.000282653
28-May-21,1,0.0000698,0.0090849,0.1568283,0.7686986,1.415829,1.2141816,0.7540909,0.0000434,0.16368,0.01380,0.07255,0.000282486
29-May-21,1,0.0000698,0.0090849,0.1568283,0.7686986,1.415829,1.2141816,0.7540909,0.0000434,0.16368,0.01380,0.07255,0.000282486
30-May-21,1,0.0000698,0.0090849,0.1568283,0.7686986,1.415829,1.2141816,0.7540909,0.0000434,0.16368,0.01380,0.07255,0.000282486
31-May-21,1,0.0000701,0.0091195,0.1569834,0.773455,1.4184397,1.2201074,0.7564297,0.0000434,0.16405,0.01379,0.07275,0.000282653
01-Jun-21,1,0.0000702,0.0091197,0.1566441,0.7740537,1.416832,1.2224939,0.7560865,0.0000434,0.16427,0.01373,0.07267,0.000282406
02-Jun-21,1,0.0000701,0.0091131,0.1566073,0.7733952,1.4148274,1.2186205,0.7555153,0.0000434,0.16407,0.01370,0.07353,0.000282406
03-Jun-21,1,0.00007,0.0091077,0.1564235,0.771724,1.4178364,1.218769,0.7550589,0.0000434,0.16344,0.01370,0.07338,0.000282972
04-Jun-21,1,0.0000698,0.0090839,0.1560111,0.7666948,1.4140271,1.2116806,0.7528987,0.0000434,0.16335,0.01372,0.07419,0.000282972
05-Jun-21,1,0.0000698,0.0090839,0.1560111,0.7666948,1.4140271,1.2116806,0.7528987,0.0000434,0.16335,0.01372,0.07419,0.000282972
06-Jun-21,1,0.0000698,0.0090839,0.1560111,0.7666948,1.4140271,1.2116806,0.7528987,0.0000434,0.16335,0.01372,0.07419,0.000282972
07-Jun-21,1,0.0000702,0.0091457,0.1563331,0.775735,1.4170327,1.2162491,0.7557437,0.0000435,0.16351,0.01373,0.07398,0.000283854
08-Jun-21,1,0.0000702,0.0091402,0.1563037,0.7750136,1.4148274,1.2181752,0.7556865,0.0000436,0.16348,0.01371,0.07371,0.00028466
09-Jun-21,1,0.0000702,0.009143,0.1565901,0.7751938,1.4172336,1.2195122,0.755915,0.0000436,0.16375,0.01371,0.07319,0.00028393
10-Jun-21,1,0.0000701,0.0091294,0.1564211,0.773874,1.4108352,1.2174336,0.7547739,0.0000436,0.16388,0.01368,0.07346,0.000284576
11-Jun-21,1,0.0000704,0.0091248,0.1564137,0.772917,1.4146272,1.2125621,0.7550019,0.0000436,0.16259,0.01366,0.07298,0.000284252
12-Jun-21,1,0.0000704,0.0091248,0.1564137,0.772917,1.4146272,1.2125621,0.7550019,0.0000436,0.16259,0.01366,0.07298,0.000284252
13-Jun-21,1,0.0000704,0.0091248,0.1564137,0.772917,1.4146272,1.2125621,0.7550019,0.0000436,0.16259,0.01366,0.07298,0.000284252
14-Jun-21,1,0.0000701,0.0091102,0.1562817,0.7716645,1.4100395,1.2112403,0.7536931,0.0000436,0.16322,0.01366,0.07266,0.000284498
15-Jun-21,1,0.0000702,0.0090846,0.156228,0.7691716,1.4054814,1.2108003,0.7538067,0.0000436,0.16283,0.01364,0.07246,0.000283854
16-Jun-21,1,0.0000702,0.0091028,0.1562744,0.7713074,1.4126289,1.2124151,0.7543185,0.0000436,0.16285,0.01364,0.07254,0.000283206
17-Jun-21,1,0.0000691,0.009037,0.1552747,0.7572889,1.3956734,1.1937448,0.746046,0.0000435,0.16036,0.01348,0.07094,0.000283527
18-Jun-21,1,0.0000693,0.0090741,0.1552867,0.7515407,1.3869626,1.189768,0.7446571,0.0000435,0.15940,0.01350,0.07004,0.000283527
19-Jun-21,1,0.0000693,0.0090741,0.1552867,0.7515407,1.3869626,1.189768,0.7446571,0.0000435,0.15940,0.01350,0.07004,0.000283527
20-Jun-21,1,0.0000693,0.0090741,0.1552867,0.7515407,1.3869626,1.189768,0.7446571,0.0000435,0.15940,0.01350,0.07004,0.000283527
21-Jun-21,1,0.0000692,0.0090833,0.1545977,0.7515971,1.3879251,1.1890606,0.7437156,0.0000435,0.16034,0.01348,0.07021,0.000282733
22-Jun-21,1,0.0000692,0.0090449,0.1544402,0.7519362,1.3900473,1.1893435,0.7429421,0.0000434,0.16027,0.01345,0.06989,0.000281294
23-Jun-21,1,0.0000692,0.0090237,0.1544187,0.7582076,1.398797,1.1950287,0.7439369,0.0000434,0.16053,0.01349,0.07043,0.000282056
24-Jun-21,1,0.0000692,0.0090287,0.1546264,0.7575758,1.3898541,1.1936023,0.7441584,0.0000435,0.16027,0.01349,0.07036,0.00028169
25-Jun-21,1,0.0000693,0.0090345,0.1549163,0.7598784,1.3904338,1.1950287,0.7452676,0.0000434,0.16075,0.01349,0.07088,0.00028169
26-Jun-21,1,0.0000693,0.0090345,0.1549163,0.7598784,1.3904338,1.1950287,0.7452676,0.0000434,0.16075,0.01349,0.07088,0.00028169
27-Jun-21,1,0.0000693,0.0090345,0.1549163,0.7598784,1.3904338,1.1950287,0.7452676,0.0000434,0.16075,0.01349,0.07088,0.00028169
28-Jun-21,1,0.0000689,0.0090138,0.1548323,0.7560293,1.3896609,1.1910434,0.7437156,0.0000434,0.16011,0.01346,0.07025,0.000282255
29-Jun-21,1,0.0000686,0.0090376,0.1547628,0.7518797,1.3831259,1.1887779,0.7437156,0.0000434,0.15969,0.01346,0.06971,0.00028169
30-Jun-21,1,0.0000688,0.0090421,0.1548563,0.7496252,1.3850416,1.1883541,0.7438816,0.0000435,0.15974,0.01345,0.06998,0.000281294
01-Jul-21,1,0.0000689,0.0089745,0.1546551,0.750469,1.3814063,1.1883541,0.7432734,0.0000435,0.15974,0.01345,0.06998,0.000281452
02-Jul-21,1,0.0000688,0.0089745,0.1543591,0.746603,1.3747594,1.1823126,0.7403569,0.0000435,0.15978,0.01341,0.06996,0.000281739
03-Jul-21,1,0.0000688,0.0089745,0.1543591,0.746603,1.3747594,1.1823126,0.7403569,0.0000435,0.15978,0.01341,0.06996,0.000281739
04-Jul-21,1,0.0000688,0.0089745,0.1543591,0.746603,1.3747594,1.1823126,0.7403569,0.0000435,0.15978,0.01341,0.06996,0.000281739
05-Jul-21,1,0.0000691,0.0090181,0.1547532,0.7528987,1.3852334,1.1866619,0.7434944,0.0000435,0.15982,0.01346,0.07019,0.000281136
06-Jul-21,1,0.000069,0.0090373,0.1546551,0.7572316,1.3854253,1.1838523,0.743605,0.0000435,0.15819,0.01341,0.06974,0.00028162
07-Jul-21,1,0.000069,0.009041,0.1546982,0.753012,1.3837,1.1831519,0.7429421,0.0000435,0.15855,0.01338,0.06982,0.000281294
08-Jul-21,1,0.0000685,0.0091125,0.1540761,0.7418948,1.3743815,1.1838523,0.7389345,0.0000435,0.15970,0.01337,0.06977,0.000282653
09-Jul-21,1,0.000069,0.0090894,0.1543329,0.7472725,1.3827434,1.1858176,0.7398091,0.0000435,0.15970,0.01342,0.07019,0.000282733
10-Jul-21,1,0.000069,0.0090894,0.1543329,0.7472725,1.3827434,1.1858176,0.7398091,0.0000435,0.15970,0.01342,0.07019,0.000282733
11-Jul-21,1,0.000069,0.0090894,0.1543329,0.7472725,1.3827434,1.1858176,0.7398091,0.0000435,0.15970,0.01342,0.07019,0.000282733
12-Jul-21,1,0.0000689,0.0090785,0.1544211,0.7459903,1.3850416,1.1852554,0.7394809,0.0000434,0.15970,0.01341,0.06936,0.000282406
13-Jul-21,1,0.0000691,0.0090724,0.1546264,0.7477195,1.3850416,1.1844131,0.7395903,0.0000435,0.15881,0.01341,0.06825,0.000282885
14-Jul-21,1,0.000069,0.0090652,0.1548755,0.7467702,1.3871549,1.1811954,0.7387161,0.0000435,0.15850,0.01342,0.06869,0.000283286
15-Jul-21,1,0.0000689,0.0090887,0.1547628,0.7438262,1.3861935,1.1809164,0.7382798,0.0000435,0.15837,0.01342,0.06866,0.000282885
16-Jul-21,1,0.0000691,0.0090764,0.1545308,0.7419498,1.3837,1.1802195,0.7379529,0.0000435,0.15860,0.01340,0.06941,0.00028169
17-Jul-21,1,0.0000691,0.0090764,0.1545308,0.7419498,1.3837,1.1802195,0.7379529,0.0000435,0.15860,0.01340,0.06941,0.00028169
18-Jul-21,1,0.0000691,0.0090764,0.1545308,0.7419498,1.3837,1.1802195,0.7379529,0.0000435,0.15860,0.01340,0.06941,0.00028169
19-Jul-21,1,0.0000686,0.0091238,0.1541188,0.7334067,1.3694878,1.176609,0.7332991,0.0000434,0.15836,0.01336,0.06878,0.000281294
20-Jul-21,1,0.0000687,0.0091258,0.1543138,0.7321716,1.3605442,1.1774402,0.731101,0.0000434,0.15866,0.01340,0.06836,0.000281294
21-Jul-21,1,0.0000688,0.0090812,0.1544855,0.7316895,1.3631407,1.177163,0.7309942,0.0000434,0.15946,0.01342,0.06847,0.00028169
22-Jul-21,1,0.000069,0.0090696,0.154624,0.737844,1.3762731,1.1774402,0.7350239,0.0000435,0.15811,0.01343,0.06814,0.000282533
23-Jul-21,1,0.000069,0.0090439,0.1543734,0.7380074,1.3755158,1.1767475,0.7355645,0.0000435,0.15810,0.01343,0.06754,0.000283132
24-Jul-21,1,0.000069,0.0090439,0.1543734,0.7380074,1.3755158,1.1767475,0.7355645,0.0000435,0.15810,0.01343,0.06754,0.000283132
25-Jul-21,1,0.000069,0.0090439,0.1543734,0.7380074,1.3755158,1.1767475,0.7355645,0.0000435,0.15810,0.01343,0.06754,0.000283132
26-Jul-21,1,0.000069,0.0090634,0.1542282,0.7362144,1.3791201,1.1786893,0.7352401,0.0000435,0.15862,0.01344,0.06752,0.000282406
27-Jul-21,1,0.000069,0.009086,0.1537775,0.7368111,1.3812155,1.1810559,0.7354023,0.0000435,0.15863,0.01343,0.06751,0.00028169
28-Jul-21,1,0.000069,0.0090844,0.1538935,0.7342144,1.3875399,1.1806375,0.7352941,0.0000435,0.15879,0.01343,0.06748,0.000281928
29-Jul-21,1,0.0000691,0.0091044,0.1548155,0.7392076,1.3954786,1.1873664,0.7387161,0.0000435,0.15992,0.01347,0.06866,0.000282087
30-Jul-21,1,0.0000692,0.0091196,0.1547532,0.7370826,1.396648,1.1890606,0.7390437,0.0000436,0.15957,0.01345,0.06847,0.000282008
31-Jul-21,1,0.0000692,0.0091196,0.1547532,0.7370826,1.396648,1.1890606,0.7390437,0.0000436,0.15957,0.01345,0.06847,0.000282008
01-Aug-21,1,0.0000692,0.0091196,0.1547532,0.7370826,1.396648,1.1890606,0.7390437,0.0000436,0.15957,0.01345,0.06847,0.000282008
02-Aug-21,1,0.0000696,0.0091311,0.1547509,0.736377,1.3890818,1.1886366,0.7396997,0.0000436,0.15957,0.01345,0.06847,0.000281849
03-Aug-21,1,0.0000699,0.0091635,0.1547173,0.7388253,1.3923698,1.1884954,0.7402472,0.0000436,0.15941,0.01347,0.06971,0.000282008
04-Aug-21,1,0.0000699,0.0091725,0.1547676,0.7412349,1.3929517,1.1860989,0.7412898,0.0000436,0.15950,0.01348,0.06975,0.000282406
05-Aug-21,1,0.0000697,0.0091301,0.1547916,0.7410701,1.3931457,1.1849745,0.7407956,0.0000436,0.15943,0.01349,0.06950,0.000282852
06-Aug-21,1,0.0000697,0.0091075,0.1545834,0.7394262,1.3915948,1.1806375,0.7401377,0.0000436,0.15817,0.01348,0.06846,0.000283286
07-Aug-21,1,0.0000697,0.0091075,0.1545834,0.7394262,1.3915948,1.1806375,0.7401377,0.0000436,0.15817,0.01348,0.06846,0.000283286
08-Aug-21,1,0.0000697,0.0091075,0.1545834,0.7394262,1.3915948,1.1806375,0.7401377,0.0000436,0.15817,0.01348,0.06846,0.000283286
09-Aug-21,1,0.0000695,0.0090819,0.1543639,0.7349699,1.3877324,1.1760555,0.7376807,0.0000436,0.15781,0.01345,0.06797,0.000283286
10-Aug-21,1,0.0000695,0.0090531,0.1542877,0.7342144,1.3861935,1.1721955,0.7363228,0.0000437,0.15793,0.01343,0.06750,0.000283366
11-Aug-21,1,0.0000694,0.0090361,0.1541925,0.7343222,1.3835086,1.1717835,0.7358893,0.0000438,0.15780,0.01347,0.06815,0.000283688
12-Aug-21,1,0.0000697,0.0090572,0.1543877,0.7354023,1.3852334,1.1738467,0.7367568,0.0000438,0.15781,0.01346,0.06771,0.000282964
13-Aug-21,1,0.0000696,0.0090751,0.154321,0.7350239,1.3825522,1.1764706,0.7368111,0.0000438,0.15821,0.01346,0.06784,0.000283405
14-Aug-21,1,0.0000696,0.0090751,0.154321,0.7350239,1.3825522,1.1764706,0.7368111,0.0000438,0.15821,0.01346,0.06784,0.000283405
15-Aug-21,1,0.0000696,0.0090751,0.154321,0.7350239,1.3825522,1.1764706,0.7368111,0.0000438,0.15821,0.01346,0.06784,0.000283405
16-Aug-21,1,0.0000696,0.0091433,0.154402,0.7330303,1.3869626,1.177163,0.7372457,0.0000438,0.15814,0.01348,0.06757,0.000282792
17-Aug-21,1,0.0000695,0.0091522,0.1543329,0.7291287,1.3791201,1.1767475,0.735781,0.0000438,0.15807,0.01344,0.06712,0.000283007
18-Aug-21,1,0.0000695,0.0091109,0.1542996,0.7250054,1.3762731,1.1723329,0.7353482,0.0000438,0.15750,0.01346,0.06694,0.000283607
19-Aug-21,1,0.0000691,0.0091225,0.1540951,0.7166918,1.3676149,1.1695906,0.7336757,0.0000438,0.15682,0.01345,0.06586,0.000283366
20-Aug-21,1,0.0000691,0.0091201,0.1538604,0.7128092,1.3610998,1.1671335,0.7336757,0.0000438,0.15761,0.01345,0.06528,0.000283286
21-Aug-21,1,0.0000691,0.0091201,0.1538604,0.7128092,1.3610998,1.1671335,0.7336757,0.0000438,0.15761,0.01345,0.06528,0.000283286
22-Aug-21,1,0.0000691,0.0091201,0.1538604,0.7128092,1.3610998,1.1671335,0.7336757,0.0000438,0.15761,0.01345,0.06528,0.000283286
23-Aug-21,1,0.0000695,0.0090823,0.1542044,0.7183908,1.3683634,1.1717835,0.7358893,0.0000438,0.15810,0.01349,0.06597,0.000283286
24-Aug-21,1,0.0000695,0.0091192,0.1543877,0.7245327,1.3719303,1.1739845,0.7375175,0.0000438,0.15808,0.01348,0.06657,0.000283688
25-Aug-21,1,0.0000693,0.0090977,0.1543591,0.7248478,1.3711778,1.1735712,0.7380618,0.0000439,0.15800,0.01347,0.06681,0.000283163
26-Aug-21,1,0.0000692,0.0090795,0.1542496,0.7261109,1.3726836,1.1767475,0.7391529,0.0000439,0.15772,0.01349,0.06699,0.000283286
27-Aug-21,1,0.0000693,0.0090755,0.1543543,0.7251106,1.3723068,1.1760555,0.7402472,0.0000439,0.15873,0.01360,0.06764,0.000283082
28-Aug-21,1,0.0000693,0.0090755,0.1543543,0.7251106,1.3723068,1.1760555,0.7402472,0.0000439,0.15873,0.01360,0.06764,0.000283082
29-Aug-21,1,0.0000693,0.0090755,0.1543543,0.7251106,1.3723068,1.1760555,0.7402472,0.0000439,0.15873,0.01360,0.06764,0.000283082
30-Aug-21,1,0.0000698,0.0091015,0.1545715,0.729927,1.3762731,1.1800802,0.7431077,0.0000439,0.15864,0.01364,0.06829,0.000283734
31-Aug-21,1,0.0000701,0.0091066,0.1547628,0.7324934,1.3779799,1.183432,0.7444353,0.0000439,0.15877,0.01371,0.06885,0.000283563
01-Sep-21,1,0.00007,0.0090656,0.1546312,0.734538,1.3762731,1.1817537,0.7424456,0.0000439,0.15872,0.01370,0.06944,0.000282851
02-Sep-21,1,0.0000702,0.0090906,0.1548443,0.738607,1.3787398,1.1845534,0.7440476,0.0000439,0.15984,0.01370,0.06933,0.000283447
03-Sep-21,1,0.0000701,0.0090945,0.1550772,0.7438262,1.3831259,1.1872255,0.744768,0.0000439,0.15984,0.01370,0.06995,0.000283768
04-Sep-21,1,0.0000701,0.0090945,0.1550772,0.7438262,1.3831259,1.1872255,0.744768,0.0000439,0.15984,0.01370,0.06995,0.000283768
05-Sep-21,1,0.0000701,0.0090945,0.1550772,0.7438262,1.3831259,1.1872255,0.744768,0.0000439,0.15984,0.01370,0.06995,0.000283768
06-Sep-21,1,0.0000703,0.0091023,0.1548611,0.7437156,1.3842746,1.1863804,0.7449344,0.0000439,0.15984,0.01370,0.06995,0.000284333
07-Sep-21,1,0.0000701,0.0090874,0.1546886,0.7392076,1.3772208,1.1859583,0.7432734,0.0000439,0.15914,0.01361,0.06988,0.000284172
08-Sep-21,1,0.0000701,0.009076,0.1548515,0.7379529,1.3772208,1.1827321,0.7434391,0.0000439,0.15894,0.01355,0.07028,0.000283132
09-Sep-21,1,0.0000702,0.0090992,0.1549427,0.7382798,1.3837,1.1838523,0.7444908,0.0000439,0.15943,0.01359,0.07060,0.00028329
10-Sep-21,1,0.0000704,0.0091064,0.1553374,0.7406859,1.3888889,1.1841326,0.7472166,0.0000439,0.15884,0.01361,0.07064,0.000282777
11-Sep-21,1,0.0000704,0.0091064,0.1553374,0.7406859,1.3888889,1.1841326,0.7472166,0.0000439,0.15884,0.01361,0.07064,0.000282777
12-Sep-21,1,0.0000704,0.0091064,0.1553374,0.7406859,1.3888889,1.1841326,0.7472166,0.0000439,0.15884,0.01361,0.07064,0.000282777
13-Sep-21,1,0.0000702,0.0090881,0.1548803,0.7355645,1.3838915,1.1779951,0.7446016,0.0000439,0.15857,0.01358,0.07061,0.000284172
14-Sep-21,1,0.0000701,0.0090821,0.1551037,0.7331378,1.3856173,1.1813349,0.7444353,0.0000439,0.15880,0.01358,0.07002,0.000283774
15-Sep-21,1,0.0000703,0.0091581,0.1554388,0.7320108,1.3827434,1.1824524,0.7455454,0.0000439,0.15949,0.01360,0.06943,0.000283861
16-Sep-21,1,0.0000702,0.009142,0.1550844,0.7316895,1.3835086,1.1763322,0.7442691,0.000044,0.15771,0.01359,0.06858,0.000283688
17-Sep-21,1,0.0000703,0.0090888,0.1549115,0.7311545,1.3800718,1.1779951,0.7431629,0.0000439,0.15765,0.01358,0.06798,0.000283855
18-Sep-21,1,0.0000703,0.0090888,0.1549115,0.7311545,1.3800718,1.1779951,0.7431629,0.0000439,0.15765,0.01358,0.06798,0.000283855
19-Sep-21,1,0.0000703,0.0090888,0.1549115,0.7311545,1.3800718,1.1779951,0.7431629,0.0000439,0.15765,0.01358,0.06798,0.000283855
20-Sep-21,1,0.0000699,0.0091364,0.1546503,0.7228567,1.3664936,1.1710973,0.7393715,0.0000439,0.15784,0.01358,0.06757,0.000283524
21-Sep-21,1,0.0000703,0.009146,0.1545595,0.7245852,1.3672409,1.1738467,0.7398091,0.0000439,0.15753,0.01356,0.06739,0.000282885
22-Sep-21,1,0.0000703,0.0091276,0.1546336,0.7250054,1.3638843,1.1728829,0.7397544,0.0000439,0.15811,0.01355,0.06774,0.000282885
23-Sep-21,1,0.0000703,0.0090899,0.1548731,0.727167,1.3702384,1.1715089,0.7415647,0.0000439,0.15783,0.01356,0.06805,0.000283614
24-Sep-21,1,0.00007,0.0090501,0.1545977,0.7249529,1.3674279,1.1719208,0.7386615,0.0000439,0.15797,0.01355,0.06682,0.000284091
25-Sep-21,1,0.00007,0.0090501,0.1545977,0.7249529,1.3674279,1.1719208,0.7386615,0.0000439,0.15797,0.01355,0.06682,0.000284091
26-Sep-21,1,0.00007,0.0090501,0.1545977,0.7249529,1.3674279,1.1719208,0.7386615,0.0000439,0.15797,0.01355,0.06682,0.000284091
27-Sep-21,1,0.0000702,0.0090165,0.1547173,0.7252683,1.3694878,1.1698643,0.7384979,0.0000439,0.15763,0.01354,0.06676,0.00028466
28-Sep-21,1,0.0000699,0.0089713,0.1548131,0.7246902,1.3586957,1.167815,0.736974,0.0000439,0.15671,0.01348,0.06618,0.000284091
29-Sep-21,1,0.0000699,0.0089722,0.1546719,0.7233273,1.348254,1.1653653,0.736594,0.000044,0.15614,0.01346,0.06595,0.000283452
30-Sep-21,1,0.0000699,0.0089296,0.154703,0.7194245,1.3455328,1.1579435,0.7346999,0.0000439,0.15614,0.01346,0.06595,0.00028169
01-Oct-21,1,0.00007,0.0089943,0.1551205,0.7256894,1.3542795,1.1599582,0.7373,0.0000439,0.15618,0.01348,0.06715,0.000282306
02-Oct-21,1,0.00007,0.0089943,0.1551205,0.7256894,1.3542795,1.1599582,0.7373,0.0000439,0.15618,0.01348,0.06715,0.000282306
03-Oct-21,1,0.00007,0.0089943,0.1551205,0.7256894,1.3542795,1.1599582,0.7373,0.0000439,0.15618,0.01348,0.06715,0.000282306
04-Oct-21,1,0.0000702,0.0090055,0.1551205,0.729235,1.3605442,1.1636025,0.7375175,0.0000439,0.15673,0.01344,0.06660,0.000281611
05-Oct-21,1,0.0000703,0.0089945,0.1550965,0.728014,1.3622122,1.1602274,0.736974,0.000044,0.15623,0.01342,0.06662,0.00028169
06-Oct-21,1,0.00007,0.0089807,0.1551205,0.725321,1.3583265,1.1542013,0.7345919,0.0000439,0.15532,0.01336,0.06639,0.000280899
07-Oct-21,1,0.0000705,0.0089781,0.1551205,0.7299803,1.3598042,1.156203,0.736594,0.0000439,0.15568,0.01336,0.06704,0.00028082
08-Oct-21,1,0.0000704,0.008946,0.1550989,0.7305136,1.3627691,1.1568718,0.7377896,0.0000439,0.15610,0.01334,0.06704,0.00027972
09-Oct-21,1,0.0000704,0.008946,0.1550989,0.7305136,1.3627691,1.1568718,0.7377896,0.0000439,0.15610,0.01334,0.06704,0.00027972
10-Oct-21,1,0.0000704,0.008946,0.1550989,0.7305136,1.3627691,1.1568718,0.7377896,0.0000439,0.15610,0.01334,0.06704,0.00027972
11-Oct-21,1,0.0000704,0.0088554,0.1550556,0.7348078,1.3635124,1.1574074,0.7388253,0.0000439,0.15610,0.01334,0.06704,0.000278552
12-Oct-21,1,0.0000705,0.0088166,0.1550556,0.737844,1.3633265,1.155535,0.7376807,0.0000439,0.15525,0.01325,0.06684,0.000279499
13-Oct-21,1,0.0000703,0.0088058,0.1552313,0.7354023,1.3618412,1.156203,0.7389891,0.0000439,0.15536,0.01327,0.06743,0.000278552
14-Oct-21,1,0.0000709,0.0088128,0.1553495,0.7416197,1.3711778,1.1602274,0.7417297,0.0000439,0.15600,0.01330,0.06761,0.000277393
15-Oct-21,1,0.0000712,0.0087463,0.1553905,0.7418398,1.3751375,1.1602274,0.7419498,0.0000439,0.15572,0.01334,0.06826,0.000277239
16-Oct-21,1,0.0000712,0.0087463,0.1553905,0.7418398,1.3751375,1.1602274,0.7419498,0.0000439,0.15572,0.01334,0.06826,0.000277239
17-Oct-21,1,0.0000712,0.0087463,0.1553905,0.7418398,1.3751375,1.1602274,0.7419498,0.0000439,0.15572,0.01334,0.06826,0.000277239
18-Oct-21,1,0.0000709,0.0087604,0.1555137,0.7387707,1.3741927,1.160362,0.7410701,0.0000439,0.15623,0.01328,0.06804,0.000277008
19-Oct-21,1,0.000071,0.0087553,0.156519,0.7470492,1.3829346,1.1655012,0.7439923,0.0000439,0.15650,0.01332,0.06875,0.000276014
20-Oct-21,1,0.0000709,0.0087536,0.1564284,0.748503,1.3755158,1.1622501,0.7436603,0.0000439,0.15642,0.01337,0.06933,0.000278552
21-Oct-21,1,0.0000707,0.0087595,0.1562793,0.7494005,1.3806434,1.1637379,0.7425559,0.000044,0.15625,0.01336,0.06847,0.000279025
22-Oct-21,1,0.0000705,0.008782,0.1564505,0.74985,1.3783598,1.1630612,0.7422252,0.000044,0.15598,0.01335,0.06771,0.000280301
23-Oct-21,1,0.0000705,0.008782,0.1564505,0.74985,1.3783598,1.1630612,0.7422252,0.000044,0.15598,0.01335,0.06771,0.000280301
24-Oct-21,1,0.0000705,0.008782,0.1564505,0.74985,1.3783598,1.1630612,0.7422252,0.000044,0.15598,0.01335,0.06771,0.000280301
25-Oct-21,1,0.0000705,0.0087981,0.156497,0.748335,1.3751375,1.160362,0.7422252,0.000044,0.15578,0.01332,0.06791,0.000280844
26-Oct-21,1,0.0000708,0.0087703,0.1567374,0.7512584,1.3802622,1.161845,0.7429973,0.0000439,0.15598,0.01335,0.06747,0.00028169
27-Oct-21,1,0.0000704,0.0088008,0.1564358,0.7515407,1.3743815,1.16171,0.7415647,0.0000439,0.15678,0.01333,0.06658,0.00028169
28-Oct-21,1,0.0000704,0.0088026,0.1563062,0.7522756,1.3740038,1.1592859,0.74206,0.000044,0.15594,0.01337,0.06612,0.00028169
29-Oct-21,1,0.0000703,0.0087807,0.1563331,0.7534659,1.3783598,1.1645511,0.7428317,0.000044,0.15613,0.01334,0.06556,0.000281575
30-Oct-21,1,0.0000703,0.0087807,0.1563331,0.7534659,1.3783598,1.1645511,0.7428317,0.000044,0.15613,0.01334,0.06556,0.000281575
31-Oct-21,1,0.0000703,0.0087807,0.1563331,0.7534659,1.3783598,1.1645511,0.7428317,0.000044,0.15613,0.01334,0.06556,0.000281575
01-Nov-21,1,0.00007,0.0087586,0.1562964,0.7518232,1.3689254,1.1578094,0.7410152,0.000044,0.15569,0.01336,0.06500,0.000281734
02-Nov-21,1,0.00007,0.0087882,0.1562915,0.7464358,1.3657471,1.160362,0.7420049,0.000044,0.15592,0.01340,0.06481,0.000281779
03-Nov-21,1,0.0000698,0.0087779,0.1562866,0.7434391,1.3650014,1.1578094,0.7409054,0.000044,0.15576,0.01343,0.06481,0.000281773
04-Nov-21,1,0.0000696,0.0087797,0.1563746,0.7415097,1.3555646,1.1568718,0.740302,0.0000441,0.15514,0.01342,0.06571,0.000282046
05-Nov-21,1,0.0000698,0.0087945,0.1561768,0.7386615,1.34662,1.151941,0.7393169,0.0000441,0.15485,0.01348,0.06614,0.000282248
06-Nov-21,1,0.0000698,0.0087945,0.1561768,0.7386615,1.34662,1.151941,0.7393169,0.0000441,0.15485,0.01348,0.06614,0.000282248
07-Nov-21,1,0.0000698,0.0087945,0.1561768,0.7386615,1.34662,1.151941,0.7393169,0.0000441,0.15485,0.01348,0.06614,0.000282248
08-Nov-21,1,0.0000701,0.0088194,0.1563722,0.7412349,1.3546464,1.1579435,0.7417297,0.0000441,0.15563,0.01352,0.06694,0.000281972
09-Nov-21,1,0.0000702,0.0088442,0.15647,0.7401377,1.3559322,1.1576754,0.74206,0.0000441,0.15550,0.01350,0.06648,0.000282569
10-Nov-21,1,0.0000702,0.0088296,0.1564725,0.7363228,1.3509862,1.1558021,0.7416197,0.0000441,0.15517,0.01345,0.06520,0.000283688
11-Nov-21,1,0.0000701,0.0087756,0.1563599,0.7299803,1.3397642,1.1460005,0.738607,0.0000442,0.15517,0.01345,0.06520,0.000283688
12-Nov-21,1,0.0000705,0.0087724,0.1567202,0.7296607,1.3388673,1.1448197,0.7388799,0.0000442,0.15427,0.01344,0.06534,0.000283712
13-Nov-21,1,0.0000705,0.0087724,0.1567202,0.7296607,1.3388673,1.1448197,0.7388799,0.0000442,0.15427,0.01344,0.06534,0.000283712
14-Nov-21,1,0.0000705,0.0087724,0.1567202,0.7296607,1.3388673,1.1448197,0.7388799,0.0000442,0.15427,0.01344,0.06534,0.000283712
15-Nov-21,1,0.0000705,0.0087815,0.1566931,0.7365397,1.3437248,1.1444266,0.7403569,0.0000442,0.15397,0.01345,0.06563,0.000283688
16-Nov-21,1,0.0000702,0.008752,0.1565264,0.7338911,1.344809,1.1367512,0.7384979,0.0000442,0.15266,0.01343,0.06465,0.000283286
17-Nov-21,1,0.0000702,0.0087194,0.1567963,0.7290755,1.3457139,1.1316057,0.7365397,0.0000441,0.15167,0.01346,0.06450,0.000282413
18-Nov-21,1,0.0000703,0.0087552,0.1566588,0.728173,1.3478906,1.1345587,0.7363228,0.0000441,0.15239,0.01347,0.06393,0.000281057
19-Nov-21,1,0.00007,0.0087904,0.1564823,0.7233796,1.343003,1.1271416,0.734538,0.0000441,0.15165,0.01347,0.06361,0.000280505
20-Nov-21,1,0.00007,0.0087904,0.1564823,0.7233796,1.343003,1.1271416,0.734538,0.0000441,0.15165,0.01347,0.06361,0.000280505
21-Nov-21,1,0.00007,0.0087904,0.1564823,0.7233796,1.343003,1.1271416,0.734538,0.0000441,0.15165,0.01347,0.06361,0.000280505
22-Nov-21,1,0.0000702,0.0087637,0.1566931,0.7261109,1.3439054,1.1277772,0.7343761,0.0000441,0.15119,0.01345,0.06329,0.000280785
23-Nov-21,1,0.0000701,0.0087036,0.1564994,0.7225956,1.3374348,1.1258726,0.7320108,0.0000441,0.15159,0.01343,0.06308,0.000280899
24-Nov-21,1,0.00007,0.0086828,0.1565092,0.7206688,1.3351135,1.1205737,0.7309942,0.0000441,0.15091,0.01342,0.06284,0.000280786
25-Nov-21,1,0.00007,0.0086724,0.1565803,0.7181844,1.3313806,1.1223345,0.7311545,0.0000441,0.15115,0.01343,0.06288,0.00028169
26-Nov-21,1,0.0000695,0.0087649,0.1564945,0.7148474,1.3344009,1.1290505,0.7298737,0.0000441,0.15159,0.01334,0.06159,0.000280426
27-Nov-21,1,0.0000695,0.0087649,0.1564945,0.7148474,1.3344009,1.1290505,0.7298737,0.0000441,0.15159,0.01334,0.06159,0.000280426
28-Nov-21,1,0.0000695,0.0087649,0.1564945,0.7148474,1.3344009,1.1290505,0.7298737,0.0000441,0.15159,0.01334,0.06159,0.000280426
29-Nov-21,1,0.0000696,0.0087949,0.1566073,0.7144899,1.3331556,1.12765,0.7302468,0.0000441,0.15129,0.01332,0.06183,0.000281012
30-Nov-21,1,0.0000698,0.0088635,0.1569588,0.7147452,1.3340448,1.1363636,0.732118,0.0000441,0.15261,0.01331,0.06260,0.000280899
01-Dec-21,1,0.0000696,0.0088205,0.1569982,0.7138778,1.3310262,1.1313497,0.7331916,0.000044,0.15192,0.01336,0.06289,0.00028118
02-Dec-21,1,0.0000694,0.0088627,0.1568381,0.7097736,1.3319126,1.1339154,0.7314754,0.000044,0.15243,0.01334,0.06287,0.000280916
03-Dec-21,1,0.0000693,0.0088232,0.1569612,0.7057163,1.3276686,1.1290505,0.7300336,0.0000438,0.15189,0.01329,0.06232,0.000280893
04-Dec-21,1,0.0000693,0.0088232,0.1569612,0.7057163,1.3276686,1.1290505,0.7300336,0.0000438,0.15189,0.01329,0.06232,0.000280893
05-Dec-21,1,0.0000693,0.0088232,0.1569612,0.7057163,1.3276686,1.1290505,0.7300336,0.0000438,0.15189,0.01329,0.06232,0.000280893
06-Dec-21,1,0.0000692,0.0088331,0.1567939,0.7039279,1.3259082,1.1286682,0.7302468,0.0000434,0.15191,0.01326,0.06281,0.000280786
07-Dec-21,1,0.0000696,0.0088054,0.15705,0.7107826,1.3252054,1.1256191,0.7318501,0.0000433,0.15145,0.01325,0.06286,0.000280505
08-Dec-21,1,0.0000697,0.0087882,0.1575299,0.7132668,1.3199578,1.1299435,0.7329766,0.0000436,0.15191,0.01326,0.06356,0.00028085
09-Dec-21,1,0.0000695,0.0088222,0.156848,0.7140817,1.3192612,1.1310938,0.7322789,0.0000435,0.15209,0.01323,0.06264,0.000281294
10-Dec-21,1,0.0000696,0.0087933,0.156976,0.7150518,1.320655,1.1272686,0.7322252,0.0000434,0.15168,0.01321,0.06262,0.000281611
11-Dec-21,1,0.0000696,0.0087933,0.156976,0.7150518,1.320655,1.1272686,0.7322252,0.0000434,0.15168,0.01321,0.06262,0.000281611
12-Dec-21,1,0.0000696,0.0087933,0.156976,0.7150518,1.320655,1.1272686,0.7322252,0.0000434,0.15168,0.01321,0.06262,0.000281611
13-Dec-21,1,0.0000698,0.0087979,0.1571265,0.7140307,1.3243279,1.1277772,0.7313684,0.0000435,0.15127,0.01320,0.06251,0.000280983
14-Dec-21,1,0.0000699,0.0088042,0.157166,0.7127584,1.3250298,1.130838,0.731101,0.0000435,0.15170,0.01316,0.06209,0.00028167
15-Dec-21,1,0.0000697,0.0087813,0.1570919,0.7144388,1.3252054,1.126253,0.7310476,0.0000434,0.15120,0.01309,0.06185,0.000280899
16-Dec-21,1,0.0000697,0.0087625,0.157045,0.7213966,1.3361839,1.1336583,0.7334605,0.0000435,0.15238,0.01312,0.06258,0.000281013
17-Dec-21,1,0.0000696,0.0088322,0.1568504,0.7163837,1.3296104,1.1330161,0.7329229,0.0000435,0.15207,0.01316,0.06307,0.000281766
18-Dec-21,1,0.0000696,0.0088322,0.1568504,0.7163837,1.3296104,1.1330161,0.7329229,0.0000435,0.15207,0.01316,0.06307,0.000281766
19-Dec-21,1,0.0000696,0.0088322,0.1568504,0.7163837,1.3296104,1.1330161,0.7329229,0.0000435,0.15207,0.01316,0.06307,0.000281766
20-Dec-21,1,0.0000694,0.0088084,0.1568258,0.7109847,1.3231013,1.1272686,0.7313149,0.0000436,0.15138,0.01319,0.06338,0.000282486
21-Dec-21,1,0.00007,0.008794,0.1569514,0.7130633,1.3245033,1.1295606,0.7327618,0.0000436,0.15187,0.01321,0.06302,0.000282574
22-Dec-21,1,0.0000702,0.008755,0.1569612,0.7171543,1.3310262,1.1300712,0.7327618,0.0000436,0.15250,0.01325,0.06317,0.000282486
23-Dec-21,1,0.0000705,0.008741,0.1569612,0.7231704,1.3428226,1.1309658,0.7354023,0.0000436,0.15225,0.01332,0.06391,0.000282002
24-Dec-21,1,0.0000705,0.0087424,0.1570401,0.7233796,1.3410219,1.1317338,0.7376263,0.0000438,0.15221,0.01333,0.06440,0.000282885
25-Dec-21,1,0.0000705,0.0087424,0.1570401,0.7233796,1.3410219,1.1317338,0.7376263,0.0000438,0.15221,0.01333,0.06440,0.000282885
26-Dec-21,1,0.0000705,0.0087424,0.1570401,0.7233796,1.3410219,1.1317338,0.7376263,0.0000438,0.15221,0.01333,0.06440,0.000282885
27-Dec-21,1,0.0000703,0.0087156,0.1569218,0.7211885,1.3413816,1.1312217,0.7367568,0.0000438,0.15221,0.01333,0.06440,0.000282805
28-Dec-21,1,0.0000703,0.0087054,0.1570278,0.7262164,1.3449899,1.1331445,0.7388799,0.0000438,0.15221,0.01333,0.06440,0.000282885
29-Dec-21,1,0.0000702,0.0086966,0.1569982,0.7228045,1.3437248,1.1303267,0.7383343,0.0000438,0.15214,0.01341,0.06283,0.000282965
30-Dec-21,1,0.0000701,0.0086891,0.1569144,0.726797,1.3504389,1.1334013,0.7393169,0.0000439,0.15242,0.01344,0.06274,0.000282805
31-Dec-21,1,0.0000703,0.0086869,0.1574208,0.725321,1.3478906,1.1326311,0.7412898,0.0000438,0.15266,0.01343,0.06264,0.000282406
01-Jan-22,1,0.0000703,0.0086869,0.1574208,0.725321,1.3478906,1.1326311,0.7412898,0.0000438,0.15266,0.01343,0.06264,0.000282406
02-Jan-22,1,0.0000703,0.0086869,0.1574208,0.725321,1.3478906,1.1326311,0.7412898,0.0000438,0.15266,0.01343,0.06264,0.000282406
03-Jan-22,1,0.0000701,0.0086971,0.1573292,0.7236414,1.3495277,1.1354604,0.7405762,0.0000438,0.15266,0.01343,0.06264,0.000281548
04-Jan-22,1,0.0000696,0.0085988,0.1568185,0.7192175,1.3487996,1.1279044,0.7367025,0.000044,0.15216,0.01342,0.06242,0.000282885
05-Jan-22,1,0.0000696,0.0086385,0.1570179,0.7255841,1.35483,1.1318619,0.7378985,0.0000439,0.15222,0.01345,0.06324,0.000281879
06-Jan-22,1,0.0000695,0.0086341,0.1567447,0.7171543,1.3535463,1.1314777,0.7352941,0.000044,0.15246,0.01344,0.06356,0.000282486
07-Jan-22,1,0.0000698,0.008631,0.1567865,0.7148985,1.3542795,1.1298158,0.7357269,0.0000441,0.15257,0.01346,0.06411,0.000282486
08-Jan-22,1,0.0000698,0.008631,0.1567865,0.7148985,1.3542795,1.1298158,0.7357269,0.0000441,0.15257,0.01346,0.06411,0.000282486
09-Jan-22,1,0.0000698,0.008631,0.1567865,0.7148985,1.3542795,1.1298158,0.7357269,0.0000441,0.15257,0.01346,0.06411,0.000282486
10-Jan-22,1,0.0000699,0.0086761,0.1569144,0.7175145,1.3570362,1.1318619,0.7376263,0.0000441,0.15192,0.01350,0.06369,0.000283593
11-Jan-22,1,0.0000699,0.0086567,0.1568898,0.7173087,1.3579576,1.1336583,0.7388799,0.0000441,0.15277,0.01354,0.06425,0.000283752
12-Jan-22,1,0.0000698,0.0086668,0.1570894,0.7213446,1.3642565,1.1370097,0.7403569,0.0000441,0.15319,0.01355,0.06517,0.000284091
13-Jan-22,1,0.00007,0.0087517,0.1572154,0.729714,1.3721186,1.1462632,0.7430525,0.000044,0.15399,0.01353,0.06500,0.00028401
14-Jan-22,1,0.0000698,0.0087939,0.1573936,0.7243752,1.3708019,1.1446886,0.7424456,0.000044,0.15350,0.01350,0.06501,0.000284091
15-Jan-22,1,0.0000698,0.0087939,0.1573936,0.7243752,1.3708019,1.1446886,0.7424456,0.000044,0.15350,0.01350,0.06501,0.000284091
16-Jan-22,1,0.0000698,0.0087939,0.1573936,0.7243752,1.3708019,1.1446886,0.7424456,0.000044,0.15350,0.01350,0.06501,0.000284091
17-Jan-22,1,0.0000698,0.0087286,0.1574952,0.7211885,1.3644426,1.1402509,0.7417297,0.000044,0.15334,0.01346,0.06493,0.000284091
18-Jan-22,1,0.0000697,0.0087177,0.1574109,0.7179266,1.3585111,1.1367512,0.7405762,0.0000439,0.15258,0.01341,0.06458,0.000284205
19-Jan-22,1,0.0000697,0.0087363,0.1575622,0.7221781,1.3640704,1.1345587,0.7418398,0.000044,0.15214,0.01344,0.06530,0.000284359
20-Jan-22,1,0.0000697,0.0087532,0.1576119,0.7239033,1.3616558,1.1337868,0.7429421,0.0000442,0.15250,0.01344,0.06597,0.000284584
21-Jan-22,1,0.0000699,0.0087874,0.1577287,0.7194245,1.3568521,1.1348162,0.7436603,0.0000442,0.15220,0.01346,0.06621,0.000284495
22-Jan-22,1,0.0000699,0.0087874,0.1577287,0.7194245,1.3568521,1.1348162,0.7436603,0.0000442,0.15220,0.01346,0.06621,0.000284495
23-Jan-22,1,0.0000699,0.0087874,0.1577287,0.7194245,1.3568521,1.1348162,0.7436603,0.0000442,0.15220,0.01346,0.06621,0.000284495
24-Jan-22,1,0.0000697,0.0087887,0.1580253,0.7124537,1.3487996,1.1304544,0.7428869,0.0000441,0.15148,0.01339,0.06533,0.000284171
25-Jan-22,1,0.0000697,0.0087696,0.1579804,0.7125552,1.3460762,1.1267606,0.7434391,0.0000442,0.15155,0.01337,0.06545,0.000284091
26-Jan-22,1,0.0000697,0.0087514,0.1581778,0.7170515,1.3511688,1.12765,0.7437709,0.0000442,0.15108,0.01335,0.06575,0.000284091
27-Jan-22,1,0.0000695,0.0086686,0.1570475,0.7076139,1.3386881,1.1159469,0.7395903,0.0000442,0.14967,0.01329,0.06481,0.000284495
28-Jan-22,1,0.0000694,0.0086556,0.1571907,0.6973987,1.3390466,1.1138338,0.7371913,0.0000442,0.14978,0.01333,0.06396,0.000285307
29-Jan-22,1,0.0000694,0.0086556,0.1571907,0.6973987,1.3390466,1.1138338,0.7371913,0.0000442,0.14978,0.01333,0.06396,0.000285307
30-Jan-22,1,0.0000694,0.0086556,0.1571907,0.6973987,1.3390466,1.1138338,0.7371913,0.0000442,0.14978,0.01333,0.06396,0.000285307
31-Jan-22,1,0.0000696,0.0086622,0.157208,0.7051689,1.3415616,1.1155734,0.7383343,0.0000442,0.15037,0.01340,0.06481,0.000285662
01-Feb-22,1,0.0000698,0.0087206,0.157208,0.7096225,1.3486177,1.1259993,0.7408505,0.0000442,0.15139,0.01338,0.06548,0.000286533
02-Feb-22,1,0.0000697,0.0087524,0.157208,0.7153588,1.3577733,1.1322464,0.7422803,0.0000442,0.15197,0.01337,0.06521,0.000286645
03-Feb-22,1,0.0000695,0.0087063,0.1571981,0.7120986,1.3563,1.1285408,0.7418948,0.0000442,0.15198,0.01338,0.06543,0.000286123
04-Feb-22,1,0.0000695,0.0087033,0.157208,0.7091696,1.3551972,1.1463946,0.7434944,0.0000442,0.15357,0.01339,0.06472,0.000286123
05-Feb-22,1,0.0000695,0.0087033,0.157208,0.7091696,1.3551972,1.1463946,0.7434944,0.0000442,0.15357,0.01339,0.06472,0.000286123
06-Feb-22,1,0.0000695,0.0087033,0.157208,0.7091696,1.3551972,1.1463946,0.7434944,0.0000442,0.15357,0.01339,0.06472,0.000286123
07-Feb-22,1,0.0000695,0.008699,0.1572228,0.7111364,1.3517167,1.1446886,0.7438262,0.0000441,0.15400,0.01339,0.06449,0.000285794
08-Feb-22,1,0.0000695,0.0086634,0.1570574,0.7118958,1.352265,1.1407712,0.7432181,0.000044,0.15333,0.01338,0.06498,0.000285063
09-Feb-22,1,0.0000698,0.0086603,0.1571635,0.717669,1.3572204,1.1435106,0.7449899,0.0000441,0.15377,0.01337,0.06554,0.000284091
10-Feb-22,1,0.0000698,0.0086384,0.157297,0.7196833,1.3577733,1.143903,0.7454342,0.0000441,0.15365,0.01331,0.06623,0.000283688
11-Feb-22,1,0.0000699,0.0086335,0.1573366,0.7168459,1.3598042,1.1416828,0.7443245,0.0000441,0.15341,0.01327,0.06605,0.000284495
12-Feb-22,1,0.0000699,0.0086335,0.1573366,0.7168459,1.3598042,1.1416828,0.7443245,0.0000441,0.15341,0.01327,0.06605,0.000284495
13-Feb-22,1,0.0000699,0.0086335,0.1573366,0.7168459,1.3598042,1.1416828,0.7443245,0.0000441,0.15341,0.01327,0.06605,0.000284495
14-Feb-22,1,0.0000699,0.0086646,0.1573044,0.7115918,1.3517167,1.1316057,0.7421701,0.000044,0.15225,0.01323,0.06612,0.000284964
15-Feb-22,1,0.0000701,0.0086484,0.1576367,0.7140817,1.354463,1.1345587,0.7432181,0.000044,0.15221,0.01330,0.06607,0.000285144
16-Feb-22,1,0.0000701,0.008644,0.1577237,0.7170515,1.35483,1.137139,0.7437156,0.000044,0.15272,0.01332,0.06640,0.000285014
17-Feb-22,1,0.0000698,0.00869,0.1577859,0.7202535,1.3618412,1.1370097,0.7442137,0.0000439,0.15288,0.01333,0.06677,0.000285307
18-Feb-22,1,0.0000696,0.0086944,0.1580453,0.7207207,1.3609145,1.1354604,0.7442691,0.0000438,0.15228,0.01340,0.06619,0.000285714
19-Feb-22,1,0.0000696,0.0086944,0.1580453,0.7207207,1.3609145,1.1354604,0.7442691,0.0000438,0.15228,0.01340,0.06619,0.000285714
20-Feb-22,1,0.0000696,0.0086944,0.1580453,0.7207207,1.3609145,1.1354604,0.7442691,0.0000438,0.15228,0.01340,0.06619,0.000285714
21-Feb-22,1,0.0000697,0.0087081,0.1578432,0.7198388,1.3610998,1.1337868,0.7427213,0.0000439,0.15228,0.01340,0.06619,0.000285144
22-Feb-22,1,0.0000696,0.0086885,0.1580303,0.7206168,1.3553809,1.1341726,0.7428869,0.0000438,0.15233,0.01339,0.06631,0.000284981
23-Feb-22,1,0.0000697,0.0086874,0.1582829,0.7275373,1.3592497,1.1344299,0.7437156,0.0000438,0.15214,0.01341,0.06635,0.0002849
24-Feb-22,1,0.0000694,0.0087021,0.1581128,0.7159221,1.3374348,1.1163206,0.7380618,0.0000438,0.14994,0.01322,0.06484,0.000283688
25-Feb-22,1,0.0000697,0.0086516,0.1583556,0.721709,1.3394053,1.1215792,0.7390437,0.0000438,0.15101,0.01331,0.06587,0.000282646
26-Feb-22,1,0.0000697,0.0086516,0.1583556,0.721709,1.3394053,1.1215792,0.7390437,0.0000438,0.15101,0.01331,0.06587,0.000282646
27-Feb-22,1,0.0000697,0.0086516,0.1583556,0.721709,1.3394053,1.1215792,0.7390437,0.0000438,0.15101,0.01331,0.06587,0.000282646
28-Feb-22,1,0.0000696,0.0086606,0.1584686,0.7221259,1.3404826,1.1199462,0.7367025,0.0000438,0.15098,0.01324,0.06480,0.000282929
01-Mar-22,1,0.0000696,0.0087101,0.1584108,0.7264802,1.3401233,1.116196,0.7367568,0.0000438,0.14979,0.01320,0.06487,0.000283688
02-Mar-22,1,0.0000695,0.0086711,0.1583105,0.7272198,1.3329779,1.1106175,0.7375175,0.0000438,0.14950,0.01321,0.06501,0.000281546
03-Mar-22,1,0.0000695,0.008641,0.1582379,0.7316359,1.3381507,1.1075424,0.7363228,0.0000438,0.14850,0.01316,0.06575,0.000280978
04-Mar-22,1,0.0000695,0.0086621,0.1582429,0.7348618,1.3266118,1.0928962,0.7348618,0.0000438,0.14693,0.01309,0.06510,0.00027933
05-Mar-22,1,0.0000695,0.0086621,0.1582429,0.7348618,1.3266118,1.0928962,0.7348618,0.0000438,0.14693,0.01309,0.06510,0.00027933
06-Mar-22,1,0.0000695,0.0086621,0.1582429,0.7348618,1.3266118,1.0928962,0.7348618,0.0000438,0.14693,0.01309,0.06510,0.00027933
07-Mar-22,1,0.0000695,0.0086778,0.1582529,0.738607,1.3185654,1.0894433,0.7345919,0.0000438,0.14588,0.01300,0.06523,0.000277624
08-Mar-22,1,0.0000696,0.0086424,0.158303,0.7275373,1.3094147,1.089206,0.7331916,0.0000438,0.14593,0.01299,0.06538,0.000277624
09-Mar-22,1,0.00007,0.0086348,0.1582779,0.7332991,1.3154433,1.0992635,0.734538,0.0000438,0.14782,0.01309,0.06646,0.000277162
10-Mar-22,1,0.00007,0.008623,0.1582003,0.7336219,1.3168291,1.1084017,0.736106,0.0000438,0.14927,0.01309,0.06645,0.000276855
11-Mar-22,1,0.00007,0.0085552,0.1578283,0.7318501,1.3087292,1.0990219,0.735186,0.0000437,0.14818,0.01307,0.06651,0.000277119
12-Mar-22,1,0.00007,0.0085552,0.1578283,0.7318501,1.3087292,1.0990219,0.735186,0.0000437,0.14818,0.01307,0.06651,0.000277119
13-Mar-22,1,0.00007,0.0085552,0.1578283,0.7318501,1.3087292,1.0990219,0.735186,0.0000437,0.14818,0.01307,0.06651,0.000277119
14-Mar-22,1,0.0000699,0.0084764,0.1571586,0.7240605,1.3061651,1.0960105,0.7332453,0.0000437,0.14703,0.01307,0.06633,0.000277778
15-Mar-22,1,0.00007,0.0084761,0.1567521,0.7215007,1.3077024,1.0991427,0.7330841,0.0000437,0.14799,0.01309,0.06616,0.00027894
16-Mar-22,1,0.0000701,0.0084537,0.1574679,0.7249529,1.3090719,1.0993843,0.7345919,0.0000437,0.14755,0.01313,0.06664,0.00027933
