Date,USD,IDR,JPY,CNY,AUD,GBP,EUR,SGD,VND,,,Source,Download historical exchange rates from the ECB to excel (excelrates.com)
16 Mar 2020,1.00,0.0000666,0.0094744,0.1423974,0.6130832,1.2271444,1.1156979,0.7031360,0.0000431,,,VND,https://www.investing.com/currencies/vnd-usd-historical-data
17 Mar 2020,1.00,0.0000658,0.0093464,0.1424481,0.6005285,1.2091898,1.0981770,0.6998880,0.0000430,,,,
18 Mar 2020,1.00,0.0000647,0.0092834,0.1421383,0.5888588,1.1860989,1.0933742,0.6937699,0.0000430,,,,
19 Mar 2020,1.00,0.0000628,0.0091048,0.1405481,0.5796093,1.1615751,1.0801469,0.6904647,0.0000427,,,,
20 Mar 2020,1.00,0.0000628,0.0090454,0.1410318,0.5874405,1.1761938,1.0706638,0.6900835,0.0000426,,,,
21 Mar 2020,1.00,0.0000628,0.0090454,0.1410318,0.5874405,1.1761938,1.0706638,0.6900835,0.0000426,,,,
22 Mar 2020,1.00,0.0000628,0.0090454,0.1410318,0.5874405,1.1761938,1.0706638,0.6900835,0.0000426,,,,
23 Mar 2020,1.00,0.0000603,0.0090530,0.1411672,0.5801810,1.1598237,1.0782834,0.6848377,0.0000425,,,,
24 Mar 2020,1.00,0.0000613,0.0090366,0.1416471,0.5920313,1.1773016,1.0842459,0.6909895,0.0000424,,,,
25 Mar 2020,1.00,0.0000621,0.0089724,0.1408967,0.6017209,1.1832919,1.0827198,0.6917543,0.0000424,,,,
26 Mar 2020,1.00,0.0000621,0.0091371,0.1413707,0.6046315,1.2020676,1.0980564,0.6968156,0.0000423,,,,
27 Mar 2020,1.00,0.0000620,0.0091966,0.1409225,0.6028454,1.2230920,1.0976948,0.6964273,0.0000423,,,,
28 Mar 2020,1.00,0.0000620,0.0091966,0.1409225,0.6028454,1.2230920,1.0976948,0.6964273,0.0000423,,,,
29 Mar 2020,1.00,0.0000620,0.0091966,0.1409225,0.6028454,1.2230920,1.0976948,0.6964273,0.0000423,,,,
30 Mar 2020,1.00,0.0000610,0.0092459,0.1408530,0.6122949,1.2411568,1.1033874,0.7013606,0.0000423,,,,
31 Mar 2020,1.00,0.0000613,0.0092145,0.1408510,0.6097933,1.2359412,1.0956503,0.7008200,0.0000423,,,,
01 Apr 2020,1.00,0.0000600,0.0093033,0.1408312,0.6057669,1.2362468,1.0936133,0.6970584,0.0000424,,,,
02 Apr 2020,1.00,0.0000600,0.0093166,0.1409284,0.6069066,1.2430081,1.0906315,0.6983240,0.0000424,,,,
03 Apr 2020,1.00,0.0000602,0.0092101,0.1410238,0.5990176,1.2275964,1.0785160,0.6962819,0.0000424,,,,
04 Apr 2020,1.00,0.0000602,0.0092101,0.1410238,0.5990176,1.2275964,1.0785160,0.6962819,0.0000424,,,,
05 Apr 2020,1.00,0.0000602,0.0092101,0.1410238,0.5990176,1.2275964,1.0785160,0.6962819,0.0000424,,,,
06 Apr 2020,1.00,0.0000609,0.0091807,0.1410238,0.6065753,1.2291052,1.0790979,0.6971070,0.0000426,,,,
07 Apr 2020,1.00,0.0000620,0.0091818,0.1417274,0.6192334,1.2356357,1.0884946,0.7021979,0.0000426,,,,
08 Apr 2020,1.00,0.0000616,0.0091847,0.1415168,0.6178179,1.2360939,1.0870747,0.7005745,0.0000424,,,,
09 Apr 2020,1.00,0.0000630,0.0091836,0.1416651,0.6229753,1.2410027,1.0867203,0.7020500,0.0000425,,,,
10 Apr 2020,1.00,0.0000630,0.0091836,0.1416651,0.6229753,1.2410027,1.0867203,0.7020500,0.0000427,,,,
11 Apr 2020,1.00,0.0000630,0.0091836,0.1416651,0.6229753,1.2410027,1.0867203,0.7020500,0.0000427,,,,
12 Apr 2020,1.00,0.0000630,0.0091836,0.1416651,0.6229753,1.2410027,1.0867203,0.7020500,0.0000427,,,,
13 Apr 2020,1.00,0.0000630,0.0091836,0.1416651,0.6229753,1.2410027,1.0867203,0.7020500,0.0000427,,,,
14 Apr 2020,1.00,0.0000636,0.0093175,0.1417033,0.6396725,1.2564393,1.0962508,0.7063145,0.0000426,,,,
15 Apr 2020,1.00,0.0000634,0.0093093,0.1416009,0.6302786,1.2476606,1.0902747,0.7019022,0.0000427,,,,
16 Apr 2020,1.00,0.0000637,0.0092964,0.1414187,0.6305965,1.2492192,1.0888502,0.7006726,0.0000426,,,,
17 Apr 2020,1.00,0.0000642,0.0092932,0.1413667,0.6355259,1.2485953,1.0860122,0.7030371,0.0000427,,,,
18 Apr 2020,1.00,0.0000642,0.0092932,0.1413667,0.6355259,1.2485953,1.0860122,0.7030371,0.0000427,,,,
19 Apr 2020,1.00,0.0000642,0.0092932,0.1413667,0.6355259,1.2485953,1.0860122,0.7030371,0.0000427,,,,
20 Apr 2020,1.00,0.0000644,0.0092733,0.1413707,0.6356471,1.2433172,1.0860122,0.7026913,0.0000426,,,,
21 Apr 2020,1.00,0.0000637,0.0093109,0.1409443,0.6276676,1.2298610,1.0836584,0.6987144,0.0000426,,,,
22 Apr 2020,1.00,0.0000642,0.0092872,0.1411951,0.6318317,1.2359412,1.0867203,0.7007217,0.0000426,,,,
23 Apr 2020,1.00,0.0000642,0.0093063,0.1412549,0.6366994,1.2353305,1.0772380,0.7026419,0.0000426,,,,
24 Apr 2020,1.00,0.0000640,0.0092927,0.1412589,0.6374299,1.2342631,1.0800302,0.7014590,0.0000425,,,,
25 Apr 2020,1.00,0.0000640,0.0092927,0.1412589,0.6374299,1.2342631,1.0800302,0.7014590,0.0000425,,,,
26 Apr 2020,1.00,0.0000640,0.0092927,0.1412589,0.6374299,1.2342631,1.0800302,0.7014590,0.0000425,,,,
27 Apr 2020,1.00,0.0000650,0.0093375,0.1411911,0.6461618,1.2436264,1.0851872,0.7050694,0.0000426,,,,
28 Apr 2020,1.00,0.0000651,0.0093719,0.1413028,0.6499838,1.2490632,1.0876659,0.7059654,0.0000427,,,,
29 Apr 2020,1.00,0.0000653,0.0093854,0.1413128,0.6509569,1.2408487,1.0842459,0.7066139,0.0000427,,,,
30 Apr 2020,1.00,0.0000672,0.0093864,0.1418641,0.6552651,1.2514078,1.0875476,0.7097232,0.0000427,,,,
01 May 2020,1.00,0.0000672,0.0093864,0.1418641,0.6552651,1.2514078,1.0875476,0.7097232,0.0000427,,,,
02 May 2020,1.00,0.0000672,0.0093864,0.1418641,0.6552651,1.2514078,1.0875476,0.7097232,0.0000427,,,,
03 May 2020,1.00,0.0000672,0.0093864,0.1418641,0.6552651,1.2514078,1.0875476,0.7097232,0.0000427,,,,
04 May 2020,1.00,0.0000662,0.0093649,0.1415989,0.6427975,1.2448649,1.0942116,0.7061648,0.0000427,,,,
05 May 2020,1.00,0.0000662,0.0093708,0.1415989,0.6444545,1.2454851,1.0842459,0.7059654,0.0000427,,,,
06 May 2020,1.00,0.0000665,0.0094261,0.1408867,0.6339948,1.2385435,1.0807306,0.7047216,0.0000427,,,,
07 May 2020,1.00,0.0000665,0.0093839,0.1410895,0.6455361,1.2325897,1.0782834,0.7046223,0.0000427,,,,
08 May 2020,1.00,0.0000668,0.0094009,0.1413348,0.6526989,1.2386969,1.0842459,0.7075138,0.0000428,,,,
09 May 2020,1.00,0.0000668,0.0094009,0.1413348,0.6526989,1.2386969,1.0842459,0.7075138,0.0000428,,,,
10 May 2020,1.00,0.0000668,0.0094009,0.1413348,0.6526989,1.2386969,1.0842459,0.7075138,0.0000428,,,,
11 May 2020,1.00,0.0000668,0.0093182,0.1409682,0.6477943,1.2316788,1.0823682,0.7058159,0.0000429,,,,
12 May 2020,1.00,0.0000676,0.0093154,0.1411353,0.6531252,1.2370114,1.0857763,0.7070636,0.0000429,,,,
13 May 2020,1.00,0.0000676,0.0093524,0.1410477,0.6517205,1.2324378,1.0875476,0.7070636,0.0000428,,,,
14 May 2020,1.00,0.0000669,0.0093453,0.1407876,0.6421783,1.2195122,1.0792143,0.7019514,0.0000428,,,,
15 May 2020,1.00,0.0000670,0.0093465,0.1406747,0.6425496,1.2168411,1.0797970,0.7013115,0.0000428,,,,
16 May 2020,1.00,0.0000670,0.0093465,0.1406747,0.6425496,1.2168411,1.0797970,0.7013115,0.0000428,,,,
17 May 2020,1.00,0.0000670,0.0093465,0.1406747,0.6425496,1.2168411,1.0797970,0.7013115,0.0000428,,,,
18 May 2020,1.00,0.0000674,0.0093130,0.1405521,0.6472073,1.2149192,1.0831889,0.7021979,0.0000429,,,,
19 May 2020,1.00,0.0000677,0.0092797,0.1407162,0.6536802,1.2229424,1.0950504,0.7058657,0.0000429,,,,
20 May 2020,1.00,0.0000679,0.0092904,0.1408371,0.6580246,1.2262416,1.0957703,0.7068137,0.0000430,,,,
21 May 2020,1.00,0.0000679,0.0092890,0.1407499,0.6582845,1.2229424,1.0999890,0.7069136,0.0000430,,,,
22 May 2020,1.00,0.0000671,0.0092990,0.1401601,0.6531679,1.2174336,1.0903936,0.7025432,0.0000430,,,,
23 May 2020,1.00,0.0000671,0.0092990,0.1401601,0.6531679,1.2174336,1.0903936,0.7025432,0.0000430,,,,
24 May 2020,1.00,0.0000671,0.0092990,0.1401601,0.6531679,1.2174336,1.0903936,0.7025432,0.0000430,,,,
25 May 2020,1.00,0.0000680,0.0092875,0.1401306,0.6541506,1.2187690,1.0909884,0.7018529,0.0000429,,,,
26 May 2020,1.00,0.0000678,0.0093072,0.1402210,0.6635700,1.2348728,1.0974539,0.7053181,0.0000429,,,,
27 May 2020,1.00,0.0000680,0.0092688,0.1396882,0.6635260,1.2266928,1.0991427,0.7050694,0.0000429,,,,
28 May 2020,1.00,0.0000680,0.0092821,0.1397898,0.6626466,1.2277471,1.1015642,0.7052186,0.0000429,,,,
29 May 2020,1.00,0.0000684,0.0093352,0.1401522,0.6676013,1.2360939,1.1135857,0.7087675,0.0000430,,,,
30 May 2020,1.00,0.0000684,0.0093352,0.1401522,0.6676013,1.2360939,1.1135857,0.7087675,0.0000430,,,,
31 May 2020,1.00,0.0000684,0.0093352,0.1401522,0.6676013,1.2360939,1.1135857,0.7087675,0.0000430,,,,
01 Jun 2020,1.00,0.0000684,0.0092827,0.1401286,0.6741725,1.2396182,1.1116052,0.7094211,0.0000430,,,,
02 Jun 2020,1.00,0.0000694,0.0092477,0.1407083,0.6851192,1.2543904,1.1174433,0.7131650,0.0000430,,,,
03 Jun 2020,1.00,0.0000705,0.0092101,0.1406292,0.6875688,1.2569130,1.1194448,0.7150007,0.0000430,,,,
04 Jun 2020,1.00,0.0000709,0.0091852,0.1405086,0.6911805,1.2543904,1.1249859,0.7139287,0.0000430,,,,
05 Jun 2020,1.00,0.0000713,0.0091541,0.1410099,0.6982265,1.2666244,1.1330161,0.7182360,0.0000430,,,,
06 Jun 2020,1.00,0.0000713,0.0091541,0.1410099,0.6982265,1.2666244,1.1330161,0.7182360,0.0000430,,,,
07 Jun 2020,1.00,0.0000713,0.0091541,0.1410099,0.6982265,1.2666244,1.1330161,0.7182360,0.0000430,,,,
08 Jun 2020,1.00,0.0000714,0.0091443,0.1413527,0.6985191,1.2655024,1.1285408,0.7188039,0.0000430,,,,
09 Jun 2020,1.00,0.0000710,0.0092468,0.1411313,0.6942998,1.2672665,1.1294330,0.7190106,0.0000431,,,,
10 Jun 2020,1.00,0.0000710,0.0093116,0.1416471,0.7013115,1.2786089,1.1375270,0.7223868,0.0000431,,,,
11 Jun 2020,1.00,0.0000714,0.0093384,0.1414087,0.6910850,1.2656626,1.1348162,0.7201498,0.0000431,,,,
12 Jun 2020,1.00,0.0000704,0.0093221,0.1413168,0.6872852,1.2608750,1.1304544,0.7191658,0.0000431,,,,
13 Jun 2020,1.00,0.0000704,0.0093221,0.1413168,0.6872852,1.2608750,1.1304544,0.7191658,0.0000431,,,,
14 Jun 2020,1.00,0.0000704,0.0093221,0.1413168,0.6872852,1.2608750,1.1304544,0.7191658,0.0000431,,,,
15 Jun 2020,1.00,0.0000702,0.0093131,0.1409443,0.6830135,1.2551776,1.1252391,0.7171029,0.0000431,,,,
16 Jun 2020,1.00,0.0000708,0.0093154,0.1412769,0.6927127,1.2653423,1.1308380,0.7196833,0.0000431,,,,
17 Jun 2020,1.00,0.0000704,0.0093096,0.1411014,0.6894174,1.2556504,1.1232169,0.7177205,0.0000431,,,,
18 Jun 2020,1.00,0.0000710,0.0093517,0.1410776,0.6861063,1.2465719,1.1222085,0.7174116,0.0000431,,,,
19 Jun 2020,1.00,0.0000704,0.0093596,0.1413048,0.6893699,1.2385435,1.1209506,0.7175145,0.0000431,,,,
20 Jun 2020,1.00,0.0000704,0.0093596,0.1413048,0.6893699,1.2385435,1.1209506,0.7175145,0.0000431,,,,
21 Jun 2020,1.00,0.0000704,0.0093596,0.1413048,0.6893699,1.2385435,1.1209506,0.7175145,0.0000431,,,,
22 Jun 2020,1.00,0.0000701,0.0093527,0.1413148,0.6882312,1.2413108,1.1213277,0.7170001,0.0000431,,,,
23 Jun 2020,1.00,0.0000706,0.0093499,0.1415749,0.6955554,1.2487512,1.1318619,0.7189073,0.0000431,,,,
24 Jun 2020,1.00,0.0000706,0.0093766,0.1414027,0.6902264,1.2485953,1.1280316,0.7199424,0.0000431,,,,
25 Jun 2020,1.00,0.0000701,0.0093139,0.1414027,0.6862476,1.2425447,1.1199462,0.7179266,0.0000431,,,,
26 Jun 2020,1.00,0.0000703,0.0093496,0.1414027,0.6873797,1.2379302,1.1213277,0.7183908,0.0000431,,,,
27 Jun 2020,1.00,0.0000703,0.0093496,0.1414027,0.6873797,1.2379302,1.1213277,0.7183908,0.0000431,,,,
28 Jun 2020,1.00,0.0000703,0.0093496,0.1414027,0.6873797,1.2379302,1.1213277,0.7183908,0.0000431,,,,
29 Jun 2020,1.00,0.0000696,0.0093202,0.1413308,0.6878052,1.2327416,1.1284135,0.7183392,0.0000431,,,,
30 Jun 2020,1.00,0.0000692,0.0092806,0.1413547,0.6851662,1.2272950,1.1198208,0.7156147,0.0000431,,,,
01 Jul 2020,1.00,0.0000701,0.0093093,0.1415008,0.6884682,1.2385435,1.1199462,0.7165890,0.0000431,,,,
02 Jul 2020,1.00,0.0000695,0.0093088,0.1415008,0.6925687,1.2509382,1.1285408,0.7176690,0.0000431,,,,
03 Jul 2020,1.00,0.0000689,0.0093006,0.1415208,0.6939144,1.2454851,1.1224604,0.7170001,0.0000431,,,,
04 Jul 2020,1.00,0.0000689,0.0093006,0.1415208,0.6939144,1.2454851,1.1224604,0.7170001,0.0000431,,,,
05 Jul 2020,1.00,0.0000689,0.0093006,0.1415208,0.6939144,1.2454851,1.1224604,0.7170001,0.0000431,,,,
06 Jul 2020,1.00,0.0000694,0.0092996,0.1424562,0.6977880,1.2512513,1.1325028,0.7189073,0.0000431,,,,
07 Jul 2020,1.00,0.0000693,0.0092838,0.1423933,0.6942998,1.2523482,1.1290505,0.7167945,0.0000431,,,,
08 Jul 2020,1.00,0.0000694,0.0092973,0.1425659,0.6948787,1.2550201,1.1285408,0.7167945,0.0000431,,,,
09 Jul 2020,1.00,0.0000695,0.0093219,0.1431537,0.6984216,1.2650221,1.1341726,0.7190106,0.0000431,,,,
10 Jul 2020,1.00,0.0000693,0.0093592,0.1428204,0.6940589,1.2589702,1.1276500,0.7180813,0.0000431,,,,
11 Jul 2020,1.00,0.0000693,0.0093592,0.1428204,0.6940589,1.2589702,1.1276500,0.7180813,0.0000431,,,,
12 Jul 2020,1.00,0.0000693,0.0093592,0.1428204,0.6940589,1.2589702,1.1276500,0.7180813,0.0000431,,,,
13 Jul 2020,1.00,0.0000693,0.0093320,0.1428469,0.6972528,1.2596045,1.1328877,0.7196315,0.0000431,,,,
14 Jul 2020,1.00,0.0000692,0.0093108,0.1425354,0.6957974,1.2531328,1.1375270,0.7178236,0.0000431,,,,
15 Jul 2020,1.00,0.0000686,0.0093611,0.1430943,0.7023952,1.2639029,1.1444266,0.7204611,0.0000431,,,,
16 Jul 2020,1.00,0.0000684,0.0093374,0.1429225,0.6986167,1.2559658,1.1414222,0.7183908,0.0000431,,,,
17 Jul 2020,1.00,0.0000681,0.0093267,0.1428939,0.6985191,1.2547051,1.1428571,0.7193210,0.0000431,,,,
18 Jul 2020,1.00,0.0000681,0.0093267,0.1428939,0.6985191,1.2547051,1.1428571,0.7193210,0.0000431,,,,
19 Jul 2020,1.00,0.0000681,0.0093267,0.1428939,0.6985191,1.2547051,1.1428571,0.7193210,0.0000431,,,,
20 Jul 2020,1.00,0.0000676,0.0093354,0.1431147,0.6997901,1.2639029,1.1448197,0.7195798,0.0000431,,,,
21 Jul 2020,1.00,0.0000680,0.0093260,0.1430697,0.7083658,1.2706480,1.1442957,0.7200979,0.0000431,,,,
22 Jul 2020,1.00,0.0000686,0.0093416,0.1429409,0.7174116,1.2706480,1.1578094,0.7229612,0.0000431,,,,
23 Jul 2020,1.00,0.0000683,0.0093313,0.1427266,0.7120986,1.2685526,1.1568718,0.7215528,0.0000431,,,,
24 Jul 2020,1.00,0.0000684,0.0094099,0.1425110,0.7088177,1.2758357,1.1607661,0.7217611,0.0000431,,,,
25 Jul 2020,1.00,0.0000684,0.0094099,0.1425110,0.7088177,1.2758357,1.1607661,0.7217611,0.0000431,,,,
26 Jul 2020,1.00,0.0000684,0.0094099,0.1425110,0.7088177,1.2758357,1.1607661,0.7217611,0.0000431,,,,
27 Jul 2020,1.00,0.0000689,0.0094931,0.1428163,0.7139287,1.2874984,1.1760555,0.7252158,0.0000431,,,,
28 Jul 2020,1.00,0.0000688,0.0094998,0.1428184,0.7139287,1.2879959,1.1716462,0.7246902,0.0000431,,,,
29 Jul 2020,1.00,0.0000688,0.0095109,0.1428714,0.7172058,1.2971851,1.1724704,0.7263747,0.0000431,,,,
30 Jul 2020,1.00,0.0000685,0.0095023,0.1427898,0.7140307,1.3008976,1.1742602,0.7266386,0.0000432,,,,
31 Jul 2020,1.00,0.0000682,0.0095310,0.1433733,0.7185973,1.3156164,1.1848341,0.7293414,0.0000431,,,,
01 Aug 2020,1.00,0.0000682,0.0095310,0.1433733,0.7185973,1.3156164,1.1848341,0.7293414,0.0000431,,,,
02 Aug 2020,1.00,0.0000682,0.0095310,0.1433733,0.7185973,1.3156164,1.1848341,0.7293414,0.0000431,,,,
03 Aug 2020,1.00,0.0000680,0.0094177,0.1431742,0.7103282,1.3027619,1.1726079,0.7262164,0.0000432,,,,
04 Aug 2020,1.00,0.0000681,0.0094286,0.1432008,0.7132668,1.3024225,1.1764706,0.7264802,0.0000432,,,,
05 Aug 2020,1.00,0.0000687,0.0094552,0.1440735,0.7221259,1.3131976,1.1853959,0.7304602,0.0000432,,,,
06 Aug 2020,1.00,0.0000684,0.0094774,0.1438559,0.7180813,1.3154433,1.1842729,0.7294478,0.0000432,,,,
07 Aug 2020,1.00,0.0000682,0.0094604,0.1436926,0.7204092,1.3075314,1.1817537,0.7292882,0.0000432,,,,
08 Aug 2020,1.00,0.0000682,0.0094604,0.1436926,0.7204092,1.3075314,1.1817537,0.7292882,0.0000432,,,,
09 Aug 2020,1.00,0.0000682,0.0094604,0.1436926,0.7204092,1.3075314,1.1817537,0.7292882,0.0000432,,,,
10 Aug 2020,1.00,0.0000683,0.0094300,0.1434453,0.7153076,1.3048017,1.1763322,0.7280140,0.0000432,,,,
11 Aug 2020,1.00,0.0000679,0.0094287,0.1439470,0.7182360,1.3114754,1.1782727,0.7293946,0.0000432,,,,
12 Aug 2020,1.00,0.0000678,0.0093480,0.1439740,0.7128092,1.3010669,1.1771630,0.7281200,0.0000432,,,,
13 Aug 2020,1.00,0.0000674,0.0093482,0.1439760,0.7161785,1.3094147,1.1832919,0.7290224,0.0000432,,,,
14 Aug 2020,1.00,0.0000671,0.0093747,0.1438849,0.7148474,1.3101009,1.1813349,0.7288099,0.0000432,,,,
15 Aug 2020,1.00,0.0000671,0.0093747,0.1438849,0.7148474,1.3101009,1.1813349,0.7288099,0.0000432,,,,
16 Aug 2020,1.00,0.0000671,0.0093747,0.1438849,0.7148474,1.3101009,1.1813349,0.7288099,0.0000432,,,,
17 Aug 2020,1.00,0.0000672,0.0094079,0.1440881,0.7190106,1.3078734,1.1852554,0.7299803,0.0000432,,,,
18 Aug 2020,1.00,0.0000674,0.0094838,0.1444774,0.7239033,1.3173495,1.1906179,0.7326544,0.0000432,,,,
19 Aug 2020,1.00,0.0000677,0.0094902,0.1446906,0.7263747,1.3208295,1.1933174,0.7330841,0.0000432,,,,
20 Aug 2020,1.00,0.0000677,0.0094452,0.1445379,0.7162811,1.3140604,1.1849745,0.7305669,0.0000432,,,,
21 Aug 2020,1.00,0.0000677,0.0094507,0.1444356,0.7157684,1.3113034,1.1768860,0.7296075,0.0000432,,,,
22 Aug 2020,1.00,0.0000677,0.0094507,0.1444356,0.7157684,1.3113034,1.1768860,0.7296075,0.0000432,,,,
23 Aug 2020,1.00,0.0000677,0.0094507,0.1444356,0.7157684,1.3113034,1.1768860,0.7296075,0.0000432,,,,
24 Aug 2020,1.00,0.0000682,0.0094579,0.1446571,0.7199942,1.3137152,1.1846938,0.7311545,0.0000431,,,,
25 Aug 2020,1.00,0.0000683,0.0094008,0.1446529,0.7172058,1.3135426,1.1813349,0.7306203,0.0000432,,,,
26 Aug 2020,1.00,0.0000682,0.0094056,0.1450747,0.7200979,1.3144059,1.1789672,0.7308873,0.0000432,,,,
27 Aug 2020,1.00,0.0000679,0.0094192,0.1451737,0.7246902,1.3190872,1.1806375,0.7320108,0.0000432,,,,
28 Aug 2020,1.00,0.0000688,0.0095024,0.1457513,0.7347539,1.3317353,1.1914691,0.7357269,0.0000432,,,,
29 Aug 2020,1.00,0.0000688,0.0095024,0.1457513,0.7347539,1.3317353,1.1914691,0.7357269,0.0000432,,,,
30 Aug 2020,1.00,0.0000688,0.0095024,0.1457513,0.7347539,1.3317353,1.1914691,0.7357269,0.0000432,,,,
31 Aug 2020,1.00,0.0000686,0.0094410,0.1461241,0.7363770,1.3324450,1.1940299,0.7354564,0.0000432,,,,
01 Sep 2020,1.00,0.0000686,0.0094445,0.1466491,0.7380074,1.3471642,1.1987533,0.7365940,0.0000432,,,,
02 Sep 2020,1.00,0.0000678,0.0094135,0.1464751,0.7334605,1.3351135,1.1860989,0.7342683,0.0000432,,,,
03 Sep 2020,1.00,0.0000674,0.0093866,0.1461967,0.7283321,1.3252054,1.1813349,0.7323325,0.0000432,,,,
04 Sep 2020,1.00,0.0000678,0.0094141,0.1461860,0.7269027,1.3257325,1.1841326,0.7328692,0.0000431,,,,
05 Sep 2020,1.00,0.0000678,0.0094141,0.1461860,0.7269027,1.3257325,1.1841326,0.7328692,0.0000431,,,,
06 Sep 2020,1.00,0.0000678,0.0094141,0.1461860,0.7269027,1.3257325,1.1841326,0.7328692,0.0000431,,,,
07 Sep 2020,1.00,0.0000676,0.0094148,0.1463572,0.7284382,1.3161358,1.1824524,0.7316895,0.0000432,,,,
08 Sep 2020,1.00,0.0000673,0.0094129,0.1461112,0.7236414,1.3029316,1.1785504,0.7297672,0.0000432,,,,
09 Sep 2020,1.00,0.0000676,0.0094146,0.1460963,0.7238509,1.2906557,1.1773016,0.7304068,0.0000432,,,,
10 Sep 2020,1.00,0.0000669,0.0094219,0.1462437,0.7277491,1.2936611,1.1848341,0.7314754,0.0000431,,,,
11 Sep 2020,1.00,0.0000667,0.0094214,0.1462673,0.7297672,1.2827091,1.1853959,0.7317430,0.0000432,,,,
12 Sep 2020,1.00,0.0000667,0.0094214,0.1462673,0.7297672,1.2827091,1.1853959,0.7317430,0.0000432,,,,
13 Sep 2020,1.00,0.0000667,0.0094214,0.1462673,0.7297672,1.2827091,1.1853959,0.7317430,0.0000432,,,,
14 Sep 2020,1.00,0.0000672,0.0094389,0.1466405,0.7273785,1.2881618,1.1876485,0.7327618,0.0000432,,,,
15 Sep 2020,1.00,0.0000674,0.0094840,0.1476799,0.7331916,1.2913223,1.1892020,0.7357810,0.0000432,,,,
16 Sep 2020,1.00,0.0000674,0.0095165,0.1479399,0.7338372,1.2981955,1.1869436,0.7367568,0.0000431,,,,
17 Sep 2020,1.00,0.0000674,0.0095615,0.1477192,0.7303535,1.2888259,1.1796626,0.7355104,0.0000431,,,,
18 Sep 2020,1.00,0.0000679,0.0095822,0.1476429,0.7285444,1.2958404,1.1832919,0.7357810,0.0000431,,,,
19 Sep 2020,1.00,0.0000679,0.0095822,0.1476429,0.7285444,1.2958404,1.1832919,0.7357810,0.0000431,,,,
20 Sep 2020,1.00,0.0000679,0.0095822,0.1476429,0.7285444,1.2958404,1.1832919,0.7357810,0.0000431,,,,
21 Sep 2020,1.00,0.0000676,0.0096064,0.1473514,0.7257947,1.2866701,1.1786893,0.7354564,0.0000431,,,,
22 Sep 2020,1.00,0.0000676,0.0095618,0.1475797,0.7207727,1.2795905,1.1739845,0.7338372,0.0000431,,,,
23 Sep 2020,1.00,0.0000673,0.0095126,0.1471930,0.7112376,1.2724265,1.1691804,0.7312614,0.0000431,,,,
24 Sep 2020,1.00,0.0000672,0.0094883,0.1464279,0.7040766,1.2764871,1.1645511,0.7264802,0.0000431,,,,
25 Sep 2020,1.00,0.0000672,0.0094786,0.1464300,0.7030371,1.2737231,1.1634671,0.7261109,0.0000431,,,,
26 Sep 2020,1.00,0.0000672,0.0094786,0.1464300,0.7030371,1.2737231,1.1634671,0.7261109,0.0000431,,,,
27 Sep 2020,1.00,0.0000672,0.0094786,0.1464300,0.7030371,1.2737231,1.1634671,0.7261109,0.0000431,,,,
28 Sep 2020,1.00,0.0000671,0.0094863,0.1467739,0.7067138,1.2893244,1.1669973,0.7281200,0.0000431,,,,
29 Sep 2020,1.00,0.0000672,0.0094669,0.1466835,0.7130125,1.2865046,1.1701381,0.7305669,0.0000431,,,,
30 Sep 2020,1.00,0.0000669,0.0094602,0.1468644,0.7122507,1.2832029,1.1708231,0.7301402,0.0000431,,,,
01 Oct 2020,1.00,0.0000674,0.0094790,0.1472581,0.7201498,1.2953368,1.1752262,0.7343222,0.0000431,,,,
02 Oct 2020,1.00,0.0000672,0.0095057,0.1472581,0.7164864,1.2936611,1.1730205,0.7336757,0.0000431,,,,
03 Oct 2020,1.00,0.0000672,0.0095057,0.1472581,0.7164864,1.2936611,1.1730205,0.7336757,0.0000431,,,,
04 Oct 2020,1.00,0.0000672,0.0095057,0.1472581,0.7164864,1.2936611,1.1730205,0.7336757,0.0000431,,,,
05 Oct 2020,1.00,0.0000679,0.0094712,0.1468644,0.7184940,1.2958404,1.1767475,0.7351860,0.0000431,,,,
06 Oct 2020,1.00,0.0000679,0.0094678,0.1472342,0.7160759,1.2953368,1.1795235,0.7357269,0.0000431,,,,
07 Oct 2020,1.00,0.0000678,0.0094364,0.1472472,0.7133176,1.2874984,1.1770245,0.7358352,0.0000431,,,,
08 Oct 2020,1.00,0.0000678,0.0094354,0.1472581,0.7164350,1.2923236,1.1764706,0.7362686,0.0000431,,,,
09 Oct 2020,1.00,0.0000680,0.0094398,0.1492159,0.7190106,1.2938284,1.1795235,0.7378440,0.0000431,,,,
10 Oct 2020,1.00,0.0000680,0.0094398,0.1492159,0.7190106,1.2938284,1.1795235,0.7378440,0.0000431,,,,
11 Oct 2020,1.00,0.0000680,0.0094398,0.1492159,0.7190106,1.2938284,1.1795235,0.7378440,0.0000431,,,,
12 Oct 2020,1.00,0.0000679,0.0094840,0.1482690,0.7213446,1.3024225,1.1799410,0.7369197,0.0000431,,,,
13 Oct 2020,1.00,0.0000677,0.0094766,0.1484737,0.7185973,1.3010669,1.1786893,0.7363770,0.0000432,,,,
14 Oct 2020,1.00,0.0000679,0.0094988,0.1485619,0.7174116,1.2998830,1.1749501,0.7368111,0.0000432,,,,
15 Oct 2020,1.00,0.0000677,0.0094990,0.1485354,0.7066638,1.2921566,1.1698643,0.7341066,0.0000431,,,,
16 Oct 2020,1.00,0.0000678,0.0095000,0.1493028,0.7092199,1.2914891,1.1741223,0.7364855,0.0000432,,,,
17 Oct 2020,1.00,0.0000678,0.0095000,0.1493028,0.7092199,1.2914891,1.1741223,0.7364855,0.0000432,,,,
18 Oct 2020,1.00,0.0000678,0.0095000,0.1493028,0.7092199,1.2914891,1.1741223,0.7364855,0.0000432,,,,
19 Oct 2020,1.00,0.0000679,0.0094956,0.1496177,0.7110353,1.3008976,1.1785504,0.7370283,0.0000432,,,,
20 Oct 2020,1.00,0.0000680,0.0094639,0.1496491,0.7029383,1.2931592,1.1810559,0.7364855,0.0000431,,,,
21 Oct 2020,1.00,0.0000683,0.0095373,0.1502562,0.7083156,1.3059945,1.1852554,0.7376807,0.0000431,,,,
22 Oct 2020,1.00,0.0000678,0.0095546,0.1496715,0.7102273,1.3094147,1.1820331,0.7368111,0.0000432,,,,
23 Oct 2020,1.00,0.0000681,0.0095482,0.1497791,0.7151541,1.3075314,1.1855365,0.7369197,0.0000432,,,,
24 Oct 2020,1.00,0.0000681,0.0095482,0.1497791,0.7151541,1.3075314,1.1855365,0.7369197,0.0000432,,,,
25 Oct 2020,1.00,0.0000681,0.0095482,0.1497791,0.7151541,1.3075314,1.1855365,0.7369197,0.0000432,,,,
26 Oct 2020,1.00,0.0000680,0.0095207,0.1489625,0.7123522,1.3022529,1.1818934,0.7343222,0.0000432,,,,
27 Oct 2020,1.00,0.0000682,0.0095620,0.1491202,0.7134194,1.3042911,1.1831519,0.7358893,0.0000432,,,,
28 Oct 2020,1.00,0.0000678,0.0095840,0.1487343,0.7063145,1.2934937,1.1727454,0.7322789,0.0000432,,,,
29 Oct 2020,1.00,0.0000676,0.0095864,0.1490357,0.7019514,1.2943308,1.1704120,0.7320644,0.0000431,,,,
30 Oct 2020,1.00,0.0000684,0.0095603,0.1496715,0.7062646,1.2968487,1.1698643,0.7332991,0.0000431,,,,
31 Oct 2020,1.00,0.0000684,0.0095603,0.1496715,0.7062646,1.2968487,1.1698643,0.7332991,0.0000431,,,,
01 Nov 2020,1.00,0.0000684,0.0095603,0.1496715,0.7062646,1.2968487,1.1698643,0.7332991,0.0000431,,,,
02 Nov 2020,1.00,0.0000683,0.0095563,0.1494567,0.7047713,1.2938284,1.1652296,0.7327081,0.0000432,,,,
03 Nov 2020,1.00,0.0000691,0.0095480,0.1496468,0.7132668,1.2995452,1.1701381,0.7345380,0.0000432,,,,
04 Nov 2020,1.00,0.0000694,0.0095830,0.1501953,0.7170515,1.3029316,1.1720581,0.7359435,0.0000432,,,,
05 Nov 2020,1.00,0.0000701,0.0096492,0.1513455,0.7247952,1.3106160,1.1855365,0.7403020,0.0000432,,,,
06 Nov 2020,1.00,0.0000701,0.0096772,0.1512722,0.7255841,1.3126805,1.1869436,0.7418948,0.0000432,,,,
07 Nov 2020,1.00,0.0000701,0.0096772,0.1512722,0.7255841,1.3126805,1.1869436,0.7418948,0.0000432,,,,
08 Nov 2020,1.00,0.0000701,0.0096772,0.1512722,0.7255841,1.3126805,1.1869436,0.7418948,0.0000432,,,,
09 Nov 2020,1.00,0.0000711,0.0095316,0.1514234,0.7319573,1.3170025,1.1883541,0.7449899,0.0000431,,,,
10 Nov 2020,1.00,0.0000712,0.0094950,0.1511762,0.7272198,1.3239772,1.1807770,0.7414547,0.0000432,,,,
11 Nov 2020,1.00,0.0000706,0.0094834,0.1509571,0.7275373,1.3229263,1.1766090,0.7410152,0.0000432,,,,
12 Nov 2020,1.00,0.0000704,0.0094897,0.1509639,0.7250054,1.3135426,1.1791062,0.7405762,0.0000432,,,,
13 Nov 2020,1.00,0.0000706,0.0095375,0.1513363,0.7248478,1.3173495,1.1814745,0.7415097,0.0000432,,,,
14 Nov 2020,1.00,0.0000706,0.0095375,0.1513363,0.7248478,1.3173495,1.1814745,0.7415097,0.0000432,,,,
15 Nov 2020,1.00,0.0000706,0.0095375,0.1513363,0.7248478,1.3173495,1.1814745,0.7415097,0.0000432,,,,
16 Nov 2020,1.00,0.0000709,0.0095288,0.1517727,0.7290755,1.3171760,1.1830119,0.7424456,0.0000432,,,,
17 Nov 2020,1.00,0.0000708,0.0095993,0.1525437,0.7318501,1.3262599,1.1882129,0.7443799,0.0000432,,,,
18 Nov 2020,1.00,0.0000709,0.0096269,0.1525064,0.7314219,1.3278449,1.1868028,0.7456010,0.0000432,,,,
19 Nov 2020,1.00,0.0000703,0.0096133,0.1518349,0.7271141,1.3238020,1.1831519,0.7430525,0.0000432,,,,
20 Nov 2020,1.00,0.0000704,0.0096306,0.1522533,0.7310476,1.3271400,1.1862396,0.7444908,0.0000432,,,,
21 Nov 2020,1.00,0.0000704,0.0096306,0.1522533,0.7310476,1.3271400,1.1862396,0.7444908,0.0000432,,,,
22 Nov 2020,1.00,0.0000704,0.0096306,0.1522533,0.7310476,1.3271400,1.1862396,0.7444908,0.0000432,,,,
23 Nov 2020,1.00,0.0000707,0.0096388,0.1522302,0.7331378,1.3388673,1.1900512,0.7459347,0.0000431,,,,
24 Nov 2020,1.00,0.0000702,0.0095639,0.1518188,0.7335143,1.3329779,1.1865211,0.7443245,0.0000432,,,,
25 Nov 2020,1.00,0.0000707,0.0095740,0.1520681,0.7344301,1.3340448,1.1890606,0.7447680,0.0000432,,,,
26 Nov 2020,1.00,0.0000707,0.0095937,0.1520681,0.7362686,1.3351135,1.1900512,0.7469934,0.0000432,,,,
27 Nov 2020,1.00,0.0000707,0.0095967,0.1520242,0.7367568,1.3329779,1.1921793,0.7472166,0.0000432,,,,
28 Nov 2020,1.00,0.0000707,0.0095967,0.1520242,0.7367568,1.3329779,1.1921793,0.7472166,0.0000432,,,,
29 Nov 2020,1.00,0.0000707,0.0095967,0.1520242,0.7367568,1.3329779,1.1921793,0.7472166,0.0000432,,,,
30 Nov 2020,1.00,0.0000706,0.0096001,0.1520334,0.7374087,1.3333333,1.1980352,0.7473842,0.0000432,,,,
01 Dec 2020,1.00,0.0000705,0.0095805,0.1521885,0.7354023,1.3328002,1.1967449,0.7457678,0.0000432,,,,
02 Dec 2020,1.00,0.0000704,0.0095663,0.1523438,0.7364313,1.3333333,1.2065637,0.7459347,0.0000432,,,,
03 Dec 2020,1.00,0.0000707,0.0096063,0.1527137,0.7426662,1.3448090,1.2150668,0.7487832,0.0000432,,,,
04 Dec 2020,1.00,0.0000706,0.0096164,0.1530948,0.7420049,1.3468013,1.2159533,0.7503001,0.0000432,,,,
05 Dec 2020,1.00,0.0000706,0.0096164,0.1530948,0.7420049,1.3468013,1.2159533,0.7503001,0.0000432,,,,
06 Dec 2020,1.00,0.0000706,0.0096164,0.1530948,0.7420049,1.3468013,1.2159533,0.7503001,0.0000432,,,,
07 Dec 2020,1.00,0.0000705,0.0096025,0.1529192,0.7406859,1.3296104,1.2128563,0.7481110,0.0000432,,,,
08 Dec 2020,1.00,0.0000707,0.0096006,0.1531183,0.7416197,1.3290803,1.2113870,0.7473842,0.0000432,,,,
09 Dec 2020,1.00,0.0000709,0.0096065,0.1529543,0.7481670,1.3455328,1.2109470,0.7486711,0.0000432,,,,
10 Dec 2020,1.00,0.0000709,0.0095748,0.1528631,0.7496252,1.3297872,1.2115338,0.7477195,0.0000432,,,,
11 Dec 2020,1.00,0.0000710,0.0096033,0.1527604,0.7536931,1.3138878,1.2127092,0.7479991,0.0000432,,,,
12 Dec 2020,1.00,0.0000710,0.0096033,0.1527604,0.7536931,1.3138878,1.2127092,0.7479991,0.0000432,,,,
13 Dec 2020,1.00,0.0000710,0.0096033,0.1527604,0.7536931,1.3138878,1.2127092,0.7479991,0.0000432,,,,
14 Dec 2020,1.00,0.0000706,0.0096440,0.1528117,0.7571169,1.3408420,1.2162491,0.7506380,0.0000432,,,,
15 Dec 2020,1.00,0.0000706,0.0096288,0.1527767,0.7534092,1.3370771,1.2140342,0.7496252,0.0000432,,,,
16 Dec 2020,1.00,0.0000706,0.0096761,0.1530643,0.7569450,1.3550136,1.2189176,0.7522756,0.0000432,,,,
17 Dec 2020,1.00,0.0000708,0.0097044,0.1530643,0.7628929,1.3599891,1.2245898,0.7546600,0.0000432,,,,
18 Dec 2020,1.00,0.0000707,0.0096764,0.1529590,0.7610929,1.3497098,1.2259409,0.7528987,0.0000432,,,,
19 Dec 2020,1.00,0.0000707,0.0096764,0.1529590,0.7610929,1.3497098,1.2259409,0.7528987,0.0000432,,,,
20 Dec 2020,1.00,0.0000707,0.0096764,0.1529590,0.7610929,1.3497098,1.2259409,0.7528987,0.0000432,,,,
21 Dec 2020,1.00,0.0000702,0.0096580,0.1525739,0.7514277,1.3287271,1.2172855,0.7474400,0.0000432,,,,
22 Dec 2020,1.00,0.0000703,0.0096736,0.1528795,0.7559150,1.3428226,1.2238404,0.7496252,0.0000432,,,,
23 Dec 2020,1.00,0.0000701,0.0096563,0.1529379,0.7548309,1.3413816,1.2165450,0.7493443,0.0000432,,,,
24 Dec 2020,1.00,0.0000704,0.0096479,0.1531323,0.7602250,1.3579576,1.2193635,0.7528987,0.0000432,,,,
25 Dec 2020,1.00,0.0000704,0.0096479,0.1531323,0.7602250,1.3579576,1.2193635,0.7528987,0.0000432,,,,
26 Dec 2020,1.00,0.0000704,0.0096479,0.1531323,0.7602250,1.3579576,1.2193635,0.7528987,0.0000432,,,,
27 Dec 2020,1.00,0.0000704,0.0096479,0.1531323,0.7602250,1.3579576,1.2193635,0.7528987,0.0000432,,,,
28 Dec 2020,1.00,0.0000705,0.0096562,0.1529169,0.7597630,1.3515340,1.2218964,0.7525587,0.0000432,,,,
29 Dec 2020,1.00,0.0000708,0.0096353,0.1531042,0.7604563,1.3491635,1.2259409,0.7532957,0.0000433,,,,
30 Dec 2020,1.00,0.0000712,0.0097029,0.1532567,0.7663422,1.3599891,1.2280486,0.7554011,0.0000433,,,,
31 Dec 2020,1.00,0.0000712,0.0097012,0.1529567,0.7719623,1.3650014,1.2271444,0.7566013,0.0000433,,,,
01 Jan 2021,1.00,0.0000712,0.0097012,0.1529567,0.7719623,1.3650014,1.2271444,0.7566013,0.0000433,,,,
02 Jan 2021,1.00,0.0000712,0.0097012,0.1529567,0.7719623,1.3650014,1.2271444,0.7566013,0.0000433,,,,
03 Jan 2021,1.00,0.0000712,0.0097012,0.1529567,0.7719623,1.3650014,1.2271444,0.7566013,0.0000433,,,,
04 Jan 2021,1.00,0.0000721,0.0097109,0.1546982,0.7719623,1.3638843,1.2295586,0.7591285,0.0000433,,,,
05 Jan 2021,1.00,0.0000719,0.0097196,0.1547125,0.7704754,1.3583265,1.2271444,0.7583801,0.0000433,,,,
06 Jan 2021,1.00,0.0000719,0.0097127,0.1548971,0.7797271,1.3612851,1.2338063,0.7594744,0.0000433,,,,
07 Jan 2021,1.00,0.0000711,0.0096563,0.1546240,0.7751938,1.3610998,1.2275964,0.7552870,0.0000433,,,,
08 Jan 2021,1.00,0.0000710,0.0096260,0.1547030,0.7773632,1.3592497,1.2250398,0.7548879,0.0000434,,,,
09 Jan 2021,1.00,0.0000710,0.0096260,0.1547030,0.7773632,1.3592497,1.2250398,0.7548879,0.0000434,,,,
10 Jan 2021,1.00,0.0000710,0.0096260,0.1547030,0.7773632,1.3592497,1.2250398,0.7548879,0.0000434,,,,
11 Jan 2021,1.00,0.0000704,0.0095953,0.1543400,0.7706535,1.3478906,1.2162491,0.7517101,0.0000434,,,,
12 Jan 2021,1.00,0.0000707,0.0095952,0.1547676,0.7724990,1.3596193,1.2161012,0.7531822,0.0000434,,,,
13 Jan 2021,1.00,0.0000708,0.0096220,0.1545547,0.7732158,1.3672409,1.2165450,0.7538067,0.0000434,,,,
14 Jan 2021,1.00,0.0000712,0.0096062,0.1546240,0.7750736,1.3631407,1.2124151,0.7535227,0.0000434,,,,
15 Jan 2021,1.00,0.0000712,0.0096413,0.1544354,0.7731560,1.3622122,1.2122682,0.7527286,0.0000434,,,,
16 Jan 2021,1.00,0.0000712,0.0096413,0.1544354,0.7731560,1.3622122,1.2122682,0.7527286,0.0000434,,,,
17 Jan 2021,1.00,0.0000712,0.0096413,0.1544354,0.7731560,1.3622122,1.2122682,0.7527286,0.0000434,,,,
18 Jan 2021,1.00,0.0000707,0.0096373,0.1539575,0.7674008,1.3544630,1.2064181,0.7503564,0.0000434,,,,
19 Jan 2021,1.00,0.0000710,0.0096164,0.1543305,0.7716049,1.3616558,1.2131506,0.7528987,0.0000434,,,,
20 Jan 2021,1.00,0.0000712,0.0096330,0.1545619,0.7724394,1.3663069,1.2100678,0.7537499,0.0000433,,,,
21 Jan 2021,1.00,0.0000715,0.0096707,0.1547772,0.7776050,1.3719303,1.2158055,0.7560293,0.0000434,,,,
22 Jan 2021,1.00,0.0000709,0.0096347,0.1542472,0.7709506,1.3653741,1.2158055,0.7528420,0.0000433,,,,
23 Jan 2021,1.00,0.0000709,0.0096347,0.1542472,0.7709506,1.3653741,1.2158055,0.7528420,0.0000433,,,,
24 Jan 2021,1.00,0.0000709,0.0096347,0.1542472,0.7709506,1.3653741,1.2158055,0.7528420,0.0000433,,,,
25 Jan 2021,1.00,0.0000710,0.0096399,0.1543853,0.7726184,1.3685507,1.2152145,0.7536363,0.0000434,,,,
26 Jan 2021,1.00,0.0000709,0.0096427,0.1546145,0.7729767,1.3691128,1.2143291,0.7542616,0.0000434,,,,
27 Jan 2021,1.00,0.0000707,0.0096242,0.1544926,0.7694083,1.3704262,1.2113870,0.7529553,0.0000434,,,,
28 Jan 2021,1.00,0.0000708,0.0095808,0.1545643,0.7597630,1.3646288,1.2090436,0.7501313,0.0000434,,,,
29 Jan 2021,1.00,0.0000714,0.0095521,0.1554968,0.7671653,1.3730606,1.2135922,0.7527853,0.0000434,,,,
30 Jan 2021,1.00,0.0000714,0.0095521,0.1554968,0.7671653,1.3730606,1.2135922,0.7527853,0.0000434,,,,
31 Jan 2021,1.00,0.0000714,0.0095521,0.1554968,0.7671653,1.3730606,1.2135922,0.7527853,0.0000434,,,,
01 Feb 2021,1.00,0.0000710,0.0095322,0.1546384,0.7633005,1.3700507,1.2084592,0.7509199,0.0000434,,,,
02 Feb 2021,1.00,0.0000714,0.0095240,0.1548947,0.7599939,1.3674279,1.2043840,0.7508071,0.0000434,,,,
03 Feb 2021,1.00,0.0000713,0.0095184,0.1548131,0.7614986,1.3633265,1.2016342,0.7500750,0.0000434,,,,
04 Feb 2021,1.00,0.0000712,0.0095025,0.1547030,0.7627765,1.3679891,1.1996161,0.7485590,0.0000434,,,,
05 Feb 2021,1.00,0.0000712,0.0094563,0.1545500,0.7602828,1.3689254,1.1983223,0.7473842,0.0000435,,,,
06 Feb 2021,1.00,0.0000712,0.0094563,0.1545500,0.7602828,1.3689254,1.1983223,0.7473842,0.0000435,,,,
07 Feb 2021,1.00,0.0000712,0.0094563,0.1545500,0.7602828,1.3689254,1.1983223,0.7473842,0.0000435,,,,
08 Feb 2021,1.00,0.0000713,0.0094707,0.1549259,0.7662835,1.3691128,1.2025012,0.7484470,0.0000435,,,,
09 Feb 2021,1.00,0.0000715,0.0095623,0.1553905,0.7719027,1.3781698,1.2103607,0.7530120,0.0000435,,,,
10 Feb 2021,1.00,0.0000715,0.0095458,0.1550075,0.7733354,1.3835086,1.2127092,0.7541478,0.0000435,,,,
11 Feb 2021,1.00,0.0000716,0.0095555,0.1548419,0.7767594,1.3842746,1.2147716,0.7554011,0.0000435,,,,
12 Feb 2021,1.00,0.0000715,0.0095226,0.1548203,0.7728573,1.3796909,1.2108003,0.7536363,0.0000435,,,,
13 Feb 2021,1.00,0.0000715,0.0095226,0.1548203,0.7728573,1.3796909,1.2108003,0.7536363,0.0000435,,,,
14 Feb 2021,1.00,0.0000715,0.0095226,0.1548203,0.7728573,1.3796909,1.2108003,0.7536363,0.0000435,,,,
15 Feb 2021,1.00,0.0000720,0.0094966,0.1548419,0.7774236,1.3906272,1.2128563,0.7559150,0.0000435,,,,
16 Feb 2021,1.00,0.0000715,0.0094749,0.1548419,0.7777259,1.3904338,1.2143291,0.7548879,0.0000435,,,,
17 Feb 2021,1.00,0.0000711,0.0094263,0.1548419,0.7744134,1.3867702,1.2059817,0.7524454,0.0000435,,,,
18 Feb 2021,1.00,0.0000711,0.0094635,0.1545834,0.7786949,1.3962580,1.2084592,0.7539204,0.0000435,,,,
19 Feb 2021,1.00,0.0000710,0.0094977,0.1549955,0.7859781,1.4033118,1.2138869,0.7559150,0.0000434,,,,
20 Feb 2021,1.00,0.0000710,0.0094977,0.1549955,0.7859781,1.4033118,1.2138869,0.7559150,0.0000434,,,,
21 Feb 2021,1.00,0.0000710,0.0094977,0.1549955,0.7859781,1.4033118,1.2138869,0.7559150,0.0000434,,,,
22 Feb 2021,1.00,0.0000706,0.0094789,0.1546647,0.7882705,1.4021312,1.2132977,0.7555723,0.0000434,,,,
23 Feb 2021,1.00,0.0000709,0.0094882,0.1546766,0.7896399,1.4068655,1.2143291,0.7566586,0.0000434,,,,
24 Feb 2021,1.00,0.0000712,0.0094382,0.1549979,0.7914523,1.4118311,1.2146241,0.7568304,0.0000434,,,,
25 Feb 2021,1.00,0.0000705,0.0094234,0.1549475,0.7981483,1.4148274,1.2224939,0.7583801,0.0000434,,,,
26 Feb 2021,1.00,0.0000698,0.0094085,0.1546336,0.7767594,1.3923698,1.2121212,0.7525587,0.0000435,,,,
27 Feb 2021,1.00,0.0000698,0.0094085,0.1546336,0.7767594,1.3923698,1.2121212,0.7525587,0.0000435,,,,
28 Feb 2021,1.00,0.0000698,0.0094085,0.1546336,0.7767594,1.3923698,1.2121212,0.7525587,0.0000435,,,,
01 Mar 2021,1.00,0.0000699,0.0093703,0.1545858,0.7741136,1.3925637,1.2052549,0.7513148,0.0000434,,,,
02 Mar 2021,1.00,0.0000698,0.0093545,0.1545213,0.7799095,1.3915948,1.2027905,0.7509763,0.0000434,,,,
03 Mar 2021,1.00,0.0000701,0.0093533,0.1546647,0.7795447,1.3952839,1.2048193,0.7510891,0.0000434,,,,
04 Mar 2021,1.00,0.0000701,0.0093121,0.1545882,0.7789375,1.3948947,1.2033694,0.7509763,0.0000434,,,,
05 Mar 2021,1.00,0.0000695,0.0092328,0.1540595,0.7669888,1.3833172,1.1937448,0.7457678,0.0000434,,,,
06 Mar 2021,1.00,0.0000695,0.0092328,0.1540595,0.7669888,1.3833172,1.1937448,0.7457678,0.0000434,,,,
07 Mar 2021,1.00,0.0000695,0.0092328,0.1540595,0.7669888,1.3833172,1.1937448,0.7457678,0.0000434,,,,
08 Mar 2021,1.00,0.0000696,0.0092056,0.1532168,0.7655795,1.3840830,1.1866619,0.7417847,0.0000434,,,,
09 Mar 2021,1.00,0.0000694,0.0091846,0.1535155,0.7703567,1.3877324,1.1893435,0.7428869,0.0000434,,,,
10 Mar 2021,1.00,0.0000694,0.0092100,0.1535768,0.7707129,1.3883104,1.1892020,0.7423905,0.0000434,,,,
11 Mar 2021,1.00,0.0000694,0.0092197,0.1542115,0.7780285,1.3970383,1.1968881,0.7465472,0.0000434,,,,
12 Mar 2021,1.00,0.0000695,0.0091694,0.1537043,0.7751938,1.3902405,1.1933174,0.7433286,0.0000434,,,,
13 Mar 2021,1.00,0.0000695,0.0091694,0.1537043,0.7751938,1.3902405,1.1933174,0.7433286,0.0000434,,,,
14 Mar 2021,1.00,0.0000695,0.0091694,0.1537043,0.7751938,1.3902405,1.1933174,0.7433286,0.0000434,,,,
15 Mar 2021,1.00,0.0000694,0.0091573,0.1537917,0.7730963,1.3914011,1.1920372,0.7431629,0.0000433,,,,
16 Mar 2021,1.00,0.0000693,0.0091823,0.1538462,0.7748935,1.3875399,1.1926058,0.7431077,0.0000433,,,,
17 Mar 2021,1.00,0.0000692,0.0091578,0.1537681,0.7718432,1.3898541,1.1907597,0.7425007,0.0000434,,,,
18 Mar 2021,1.00,0.0000694,0.0091574,0.1536901,0.7761565,1.3919822,1.1911852,0.7438816,0.0000434,,,,
19 Mar 2021,1.00,0.0000694,0.0091794,0.1536051,0.7738740,1.3865779,1.1890606,0.7446016,0.0000433,,,,
20 Mar 2021,1.00,0.0000694,0.0091794,0.1536051,0.7738740,1.3865779,1.1890606,0.7446016,0.0000433,,,,
21 Mar 2021,1.00,0.0000694,0.0091794,0.1536051,0.7738740,1.3865779,1.1890606,0.7446016,0.0000433,,,,
22 Mar 2021,1.00,0.0000694,0.0091901,0.1537208,0.7744134,1.3829346,1.1926058,0.7457678,0.0000433,,,,
23 Mar 2021,1.00,0.0000695,0.0092123,0.1535933,0.7671065,1.3785498,1.1883541,0.7447680,0.0000433,,,,
24 Mar 2021,1.00,0.0000692,0.0091952,0.1533060,0.7613247,1.3709899,1.1824524,0.7429421,0.0000433,,,,
25 Mar 2021,1.00,0.0000693,0.0091666,0.1528351,0.7590709,1.3711778,1.1802195,0.7423354,0.0000433,,,,
26 Mar 2021,1.00,0.0000694,0.0091093,0.1528888,0.7621370,1.3779799,1.1781338,0.7426662,0.0000433,,,,
27 Mar 2021,1.00,0.0000694,0.0091093,0.1528888,0.7621370,1.3779799,1.1781338,0.7426662,0.0000433,,,,
28 Mar 2021,1.00,0.0000694,0.0091093,0.1528888,0.7621370,1.3779799,1.1781338,0.7426662,0.0000433,,,,
29 Mar 2021,1.00,0.0000692,0.0091214,0.1523786,0.7652866,1.3844663,1.1784115,0.7429973,0.0000433,,,,
30 Mar 2021,1.00,0.0000688,0.0090678,0.1521769,0.7614406,1.3751375,1.1741223,0.7423905,0.0000433,,,,
31 Mar 2021,1.00,0.0000688,0.0090255,0.1526461,0.7607455,1.3760837,1.1724704,0.7436050,0.0000433,,,,
01 Apr 2021,1.00,0.0000688,0.0090333,0.1521607,0.7578054,1.3787398,1.1745361,0.7433839,0.0000434,,,,
02 Apr 2021,1.00,0.0000688,0.0090333,0.1521607,0.7578054,1.3787398,1.1745361,0.7433839,0.0000433,,,,
03 Apr 2021,1.00,0.0000688,0.0090333,0.1521607,0.7578054,1.3787398,1.1745361,0.7433839,0.0000433,,,,
04 Apr 2021,1.00,0.0000688,0.0090333,0.1521607,0.7578054,1.3787398,1.1745361,0.7433839,0.0000433,,,,
05 Apr 2021,1.00,0.0000688,0.0090333,0.1521607,0.7578054,1.3787398,1.1745361,0.7433839,0.0000433,,,,
06 Apr 2021,1.00,0.0000689,0.0090673,0.1526298,0.7629511,1.3838915,1.1811954,0.7457122,0.0000433,,,,
07 Apr 2021,1.00,0.0000687,0.0091023,0.1528281,0.7627183,1.3808340,1.1883541,0.7466030,0.0000433,,,,
08 Apr 2021,1.00,0.0000688,0.0091535,0.1527091,0.7640587,1.3758943,1.1873664,0.7459903,0.0000433,,,,
09 Apr 2021,1.00,0.0000685,0.0091152,0.1525390,0.7630675,1.3717421,1.1887779,0.7457678,0.0000434,,,,
10 Apr 2021,1.00,0.0000685,0.0091152,0.1525390,0.7630675,1.3717421,1.1887779,0.7457678,0.0000434,,,,
11 Apr 2021,1.00,0.0000685,0.0091152,0.1525390,0.7630675,1.3717421,1.1887779,0.7457678,0.0000434,,,,
12 Apr 2021,1.00,0.0000684,0.0091429,0.1527977,0.7624276,1.3758943,1.1903345,0.7456566,0.0000434,,,,
13 Apr 2021,1.00,0.0000682,0.0091346,0.1526997,0.7600517,1.3721186,1.1896265,0.7443799,0.0000434,,,,
14 Apr 2021,1.00,0.0000684,0.0091798,0.1530972,0.7688168,1.3764625,1.1964585,0.7478313,0.0000433,,,,
15 Apr 2021,1.00,0.0000684,0.0091978,0.1532074,0.7748334,1.3796909,1.1970314,0.7493443,0.0000433,,,,
16 Apr 2021,1.00,0.0000688,0.0091938,0.1533578,0.7753140,1.3810247,1.1986096,0.7500750,0.0000434,,,,
17 Apr 2021,1.00,0.0000688,0.0091938,0.1533578,0.7753140,1.3810247,1.1986096,0.7500750,0.0000434,,,,
18 Apr 2021,1.00,0.0000688,0.0091938,0.1533578,0.7753140,1.3810247,1.1986096,0.7500750,0.0000434,,,,
19 Apr 2021,1.00,0.0000689,0.0092513,0.1536594,0.7768800,1.3937282,1.2035143,0.7515407,0.0000433,,,,
20 Apr 2021,1.00,0.0000688,0.0092246,0.1539030,0.7779074,1.3964530,1.2051097,0.7527853,0.0000433,,,,
21 Apr 2021,1.00,0.0000687,0.0092504,0.1539148,0.7719623,1.3921760,1.2007685,0.7518232,0.0000433,,,,
22 Apr 2021,1.00,0.0000688,0.0092448,0.1540785,0.7730963,1.3869626,1.2045290,0.7528420,0.0000433,,,,
23 Apr 2021,1.00,0.0000688,0.0092830,0.1540595,0.7739339,1.3885032,1.2065637,0.7536363,0.0000433,,,,
24 Apr 2021,1.00,0.0000688,0.0092830,0.1540595,0.7739339,1.3885032,1.2065637,0.7536363,0.0000433,,,,
25 Apr 2021,1.00,0.0000688,0.0092830,0.1540595,0.7739339,1.3885032,1.2065637,0.7536363,0.0000433,,,,
26 Apr 2021,1.00,0.0000690,0.0092577,0.1541877,0.7787555,1.3894678,1.2084592,0.7540341,0.0000434,,,,
27 Apr 2021,1.00,0.0000689,0.0092359,0.1542377,0.7782101,1.3910140,1.2087514,0.7543754,0.0000434,,,,
28 Apr 2021,1.00,0.0000690,0.0091808,0.1542139,0.7748935,1.3875399,1.2070006,0.7539204,0.0000434,,,,
29 Apr 2021,1.00,0.0000694,0.0091747,0.1545834,0.7797879,1.3956734,1.2128563,0.7544892,0.0000434,,,,
30 Apr 2021,1.00,0.0000693,0.0091795,0.1546312,0.7754342,1.3910140,1.2081672,0.7530120,0.0000434,,,,
01 May 2021,1.00,0.0000693,0.0091795,0.1546312,0.7754342,1.3910140,1.2081672,0.7530120,0.0000434,,,,
02 May 2021,1.00,0.0000693,0.0091795,0.1546312,0.7754342,1.3910140,1.2081672,0.7530120,0.0000434,,,,
03 May 2021,1.00,0.0000693,0.0091312,0.1544759,0.7733952,1.3869626,1.2043840,0.7506944,0.0000434,,,,
04 May 2021,1.00,0.0000691,0.0091582,0.1538462,0.7701787,1.3854253,1.2020676,0.7478872,0.0000434,,,,
05 May 2021,1.00,0.0000693,0.0091502,0.1546312,0.7739938,1.3914011,1.2004802,0.7486711,0.0000434,,,,
06 May 2021,1.00,0.0000699,0.0091579,0.1545094,0.7757350,1.3908206,1.2059817,0.7492320,0.0000434,,,,
07 May 2021,1.00,0.0000701,0.0091522,0.1549811,0.7768197,1.3890818,1.2058362,0.7508071,0.0000434,,,,
08 May 2021,1.00,0.0000701,0.0091522,0.1549811,0.7768197,1.3890818,1.2058362,0.7508071,0.0000434,,,,
09 May 2021,1.00,0.0000701,0.0091522,0.1549811,0.7768197,1.3890818,1.2058362,0.7508071,0.0000434,,,,
10 May 2021,1.00,0.0000708,0.0091973,0.1559235,0.7885192,1.4118311,1.2168411,0.7553441,0.0000434,,,,
11 May 2021,1.00,0.0000705,0.0092113,0.1556735,0.7846830,1.4148274,1.2169892,0.7547170,0.0000434,,,,
12 May 2021,1.00,0.0000701,0.0091928,0.1552578,0.7805183,1.4124294,1.2118274,0.7525587,0.0000434,,,,
13 May 2021,1.00,0.0000698,0.0091267,0.1549451,0.7708317,1.4037058,1.2081672,0.7494566,0.0000434,,,,
14 May 2021,1.00,0.0000699,0.0091501,0.1553760,0.7754342,1.4082524,1.2122682,0.7501313,0.0000434,,,,
15 May 2021,1.00,0.0000699,0.0091501,0.1553760,0.7754342,1.4082524,1.2122682,0.7501313,0.0000434,,,,
16 May 2021,1.00,0.0000699,0.0091501,0.1553760,0.7754342,1.4082524,1.2122682,0.7501313,0.0000434,,,,
17 May 2021,1.00,0.0000697,0.0091576,0.1552289,0.7742935,1.4084507,1.2143291,0.7481670,0.0000434,,,,
18 May 2021,1.00,0.0000701,0.0091833,0.1556929,0.7808840,1.4212621,1.2221951,0.7523322,0.0000434,,,,
19 May 2021,1.00,0.0000696,0.0091613,0.1553808,0.7746533,1.4162300,1.2211503,0.7508071,0.0000434,,,,
20 May 2021,1.00,0.0000694,0.0091786,0.1553277,0.7754944,1.4124294,1.2202563,0.7504690,0.0000434,,,,
21 May 2021,1.00,0.0000697,0.0091909,0.1554726,0.7763975,1.4194464,1.2187690,0.7514842,0.0000434,,,,
22 May 2021,1.00,0.0000697,0.0091909,0.1554726,0.7763975,1.4194464,1.2187690,0.7514842,0.0000434,,,,
23 May 2021,1.00,0.0000697,0.0091909,0.1554726,0.7763975,1.4194464,1.2187690,0.7514842,0.0000434,,,,
24 May 2021,1.00,0.0000697,0.0091840,0.1555936,0.7727378,1.4132278,1.2211503,0.7521625,0.0000434,,,,
25 May 2021,1.00,0.0000698,0.0091872,0.1561110,0.7769404,1.4166313,1.2263920,0.7544892,0.0000434,,,,
26 May 2021,1.00,0.0000700,0.0091837,0.1564823,0.7773028,1.4166313,1.2229424,0.7554011,0.0000434,,,,
27 May 2021,1.00,0.0000699,0.0091426,0.1567693,0.7743534,1.4172336,1.2198097,0.7554582,0.0000434,,,,
28 May 2021,1.00,0.0000698,0.0090849,0.1568283,0.7686986,1.4158290,1.2141816,0.7540909,0.0000434,,,,
29 May 2021,1.00,0.0000698,0.0090849,0.1568283,0.7686986,1.4158290,1.2141816,0.7540909,0.0000434,,,,
30 May 2021,1.00,0.0000698,0.0090849,0.1568283,0.7686986,1.4158290,1.2141816,0.7540909,0.0000434,,,,
31 May 2021,1.00,0.0000701,0.0091195,0.1569834,0.7734550,1.4184397,1.2201074,0.7564297,0.0000434,,,,
01 Jun 2021,1.00,0.0000702,0.0091197,0.1566441,0.7740537,1.4168320,1.2224939,0.7560865,0.0000434,,,,
02 Jun 2021,1.00,0.0000701,0.0091131,0.1566073,0.7733952,1.4148274,1.2186205,0.7555153,0.0000434,,,,
03 Jun 2021,1.00,0.0000700,0.0091077,0.1564235,0.7717240,1.4178364,1.2187690,0.7550589,0.0000434,,,,
04 Jun 2021,1.00,0.0000698,0.0090839,0.1560111,0.7666948,1.4140271,1.2116806,0.7528987,0.0000434,,,,
05 Jun 2021,1.00,0.0000698,0.0090839,0.1560111,0.7666948,1.4140271,1.2116806,0.7528987,0.0000434,,,,
06 Jun 2021,1.00,0.0000698,0.0090839,0.1560111,0.7666948,1.4140271,1.2116806,0.7528987,0.0000434,,,,
07 Jun 2021,1.00,0.0000702,0.0091457,0.1563331,0.7757350,1.4170327,1.2162491,0.7557437,0.0000435,,,,
08 Jun 2021,1.00,0.0000702,0.0091402,0.1563037,0.7750136,1.4148274,1.2181752,0.7556865,0.0000436,,,,
09 Jun 2021,1.00,0.0000702,0.0091430,0.1565901,0.7751938,1.4172336,1.2195122,0.7559150,0.0000436,,,,
10 Jun 2021,1.00,0.0000701,0.0091294,0.1564211,0.7738740,1.4108352,1.2174336,0.7547739,0.0000436,,,,
11 Jun 2021,1.00,0.0000704,0.0091248,0.1564137,0.7729170,1.4146272,1.2125621,0.7550019,0.0000436,,,,
12 Jun 2021,1.00,0.0000704,0.0091248,0.1564137,0.7729170,1.4146272,1.2125621,0.7550019,0.0000436,,,,
13 Jun 2021,1.00,0.0000704,0.0091248,0.1564137,0.7729170,1.4146272,1.2125621,0.7550019,0.0000436,,,,
14 Jun 2021,1.00,0.0000701,0.0091102,0.1562817,0.7716645,1.4100395,1.2112403,0.7536931,0.0000436,,,,
15 Jun 2021,1.00,0.0000702,0.0090846,0.1562280,0.7691716,1.4054814,1.2108003,0.7538067,0.0000436,,,,
16 Jun 2021,1.00,0.0000702,0.0091028,0.1562744,0.7713074,1.4126289,1.2124151,0.7543185,0.0000436,,,,
17 Jun 2021,1.00,0.0000691,0.0090370,0.1552747,0.7572889,1.3956734,1.1937448,0.7460460,0.0000435,,,,
18 Jun 2021,1.00,0.0000693,0.0090741,0.1552867,0.7515407,1.3869626,1.1897680,0.7446571,0.0000435,,,,
19 Jun 2021,1.00,0.0000693,0.0090741,0.1552867,0.7515407,1.3869626,1.1897680,0.7446571,0.0000435,,,,
20 Jun 2021,1.00,0.0000693,0.0090741,0.1552867,0.7515407,1.3869626,1.1897680,0.7446571,0.0000435,,,,
21 Jun 2021,1.00,0.0000692,0.0090833,0.1545977,0.7515971,1.3879251,1.1890606,0.7437156,0.0000435,,,,
22 Jun 2021,1.00,0.0000692,0.0090449,0.1544402,0.7519362,1.3900473,1.1893435,0.7429421,0.0000434,,,,
23 Jun 2021,1.00,0.0000692,0.0090237,0.1544187,0.7582076,1.3987970,1.1950287,0.7439369,0.0000434,,,,
24 Jun 2021,1.00,0.0000692,0.0090287,0.1546264,0.7575758,1.3898541,1.1936023,0.7441584,0.0000435,,,,
25 Jun 2021,1.00,0.0000693,0.0090345,0.1549163,0.7598784,1.3904338,1.1950287,0.7452676,0.0000434,,,,
26 Jun 2021,1.00,0.0000693,0.0090345,0.1549163,0.7598784,1.3904338,1.1950287,0.7452676,0.0000434,,,,
27 Jun 2021,1.00,0.0000693,0.0090345,0.1549163,0.7598784,1.3904338,1.1950287,0.7452676,0.0000434,,,,
28 Jun 2021,1.00,0.0000689,0.0090138,0.1548323,0.7560293,1.3896609,1.1910434,0.7437156,0.0000434,,,,
29 Jun 2021,1.00,0.0000686,0.0090376,0.1547628,0.7518797,1.3831259,1.1887779,0.7437156,0.0000434,,,,
30 Jun 2021,1.00,0.0000688,0.0090421,0.1548563,0.7496252,1.3850416,1.1883541,0.7438816,0.0000435,,,,
01 Jul 2021,1.00,0.0000689,0.0089745,0.1546551,0.7504690,1.3814063,1.1883541,0.7432734,0.0000435,,,,
02 Jul 2021,1.00,0.0000688,0.0089745,0.1543591,0.7466030,1.3747594,1.1823126,0.7403569,0.0000435,,,,
03 Jul 2021,1.00,0.0000688,0.0089745,0.1543591,0.7466030,1.3747594,1.1823126,0.7403569,0.0000435,,,,
04 Jul 2021,1.00,0.0000688,0.0089745,0.1543591,0.7466030,1.3747594,1.1823126,0.7403569,0.0000435,,,,
05 Jul 2021,1.00,0.0000691,0.0090181,0.1547532,0.7528987,1.3852334,1.1866619,0.7434944,0.0000435,,,,
06 Jul 2021,1.00,0.0000690,0.0090373,0.1546551,0.7572316,1.3854253,1.1838523,0.7436050,0.0000435,,,,
07 Jul 2021,1.00,0.0000690,0.0090410,0.1546982,0.7530120,1.3837000,1.1831519,0.7429421,0.0000435,,,,
08 Jul 2021,1.00,0.0000685,0.0091125,0.1540761,0.7418948,1.3743815,1.1838523,0.7389345,0.0000435,,,,
09 Jul 2021,1.00,0.0000690,0.0090894,0.1543329,0.7472725,1.3827434,1.1858176,0.7398091,0.0000435,,,,
10 Jul 2021,1.00,0.0000690,0.0090894,0.1543329,0.7472725,1.3827434,1.1858176,0.7398091,0.0000435,,,,
11 Jul 2021,1.00,0.0000690,0.0090894,0.1543329,0.7472725,1.3827434,1.1858176,0.7398091,0.0000435,,,,
12 Jul 2021,1.00,0.0000689,0.0090785,0.1544211,0.7459903,1.3850416,1.1852554,0.7394809,0.0000434,,,,
13 Jul 2021,1.00,0.0000691,0.0090724,0.1546264,0.7477195,1.3850416,1.1844131,0.7395903,0.0000435,,,,
14 Jul 2021,1.00,0.0000690,0.0090652,0.1548755,0.7467702,1.3871549,1.1811954,0.7387161,0.0000435,,,,
15 Jul 2021,1.00,0.0000689,0.0090887,0.1547628,0.7438262,1.3861935,1.1809164,0.7382798,0.0000435,,,,
16 Jul 2021,1.00,0.0000691,0.0090764,0.1545308,0.7419498,1.3837000,1.1802195,0.7379529,0.0000435,,,,
17 Jul 2021,1.00,0.0000691,0.0090764,0.1545308,0.7419498,1.3837000,1.1802195,0.7379529,0.0000435,,,,
18 Jul 2021,1.00,0.0000691,0.0090764,0.1545308,0.7419498,1.3837000,1.1802195,0.7379529,0.0000435,,,,
19 Jul 2021,1.00,0.0000686,0.0091238,0.1541188,0.7334067,1.3694878,1.1766090,0.7332991,0.0000434,,,,
20 Jul 2021,1.00,0.0000687,0.0091258,0.1543138,0.7321716,1.3605442,1.1774402,0.7311010,0.0000434,,,,
21 Jul 2021,1.00,0.0000688,0.0090812,0.1544855,0.7316895,1.3631407,1.1771630,0.7309942,0.0000434,,,,
22 Jul 2021,1.00,0.0000690,0.0090696,0.1546240,0.7378440,1.3762731,1.1774402,0.7350239,0.0000435,,,,
23 Jul 2021,1.00,0.0000690,0.0090439,0.1543734,0.7380074,1.3755158,1.1767475,0.7355645,0.0000435,,,,
24 Jul 2021,1.00,0.0000690,0.0090439,0.1543734,0.7380074,1.3755158,1.1767475,0.7355645,0.0000435,,,,
25 Jul 2021,1.00,0.0000690,0.0090439,0.1543734,0.7380074,1.3755158,1.1767475,0.7355645,0.0000435,,,,
26 Jul 2021,1.00,0.0000690,0.0090634,0.1542282,0.7362144,1.3791201,1.1786893,0.7352401,0.0000435,,,,
27 Jul 2021,1.00,0.0000690,0.0090860,0.1537775,0.7368111,1.3812155,1.1810559,0.7354023,0.0000435,,,,
28 Jul 2021,1.00,0.0000690,0.0090844,0.1538935,0.7342144,1.3875399,1.1806375,0.7352941,0.0000435,,,,
29 Jul 2021,1.00,0.0000691,0.0091044,0.1548155,0.7392076,1.3954786,1.1873664,0.7387161,0.0000435,,,,
30 Jul 2021,1.00,0.0000692,0.0091196,0.1547532,0.7370826,1.3966480,1.1890606,0.7390437,0.0000436,,,,
31 Jul 2021,1.00,0.0000692,0.0091196,0.1547532,0.7370826,1.3966480,1.1890606,0.7390437,0.0000436,,,,
01 Aug 2021,1.00,0.0000692,0.0091196,0.1547532,0.7370826,1.3966480,1.1890606,0.7390437,0.0000436,,,,
02 Aug 2021,1.00,0.0000696,0.0091311,0.1547509,0.7363770,1.3890818,1.1886366,0.7396997,0.0000436,,,,
03 Aug 2021,1.00,0.0000699,0.0091635,0.1547173,0.7388253,1.3923698,1.1884954,0.7402472,0.0000436,,,,
04 Aug 2021,1.00,0.0000699,0.0091725,0.1547676,0.7412349,1.3929517,1.1860989,0.7412898,0.0000436,,,,
05 Aug 2021,1.00,0.0000697,0.0091301,0.1547916,0.7410701,1.3931457,1.1849745,0.7407956,0.0000436,,,,
06 Aug 2021,1.00,0.0000697,0.0091075,0.1545834,0.7394262,1.3915948,1.1806375,0.7401377,0.0000436,,,,
07 Aug 2021,1.00,0.0000697,0.0091075,0.1545834,0.7394262,1.3915948,1.1806375,0.7401377,0.0000436,,,,
08 Aug 2021,1.00,0.0000697,0.0091075,0.1545834,0.7394262,1.3915948,1.1806375,0.7401377,0.0000436,,,,
09 Aug 2021,1.00,0.0000695,0.0090819,0.1543639,0.7349699,1.3877324,1.1760555,0.7376807,0.0000436,,,,
10 Aug 2021,1.00,0.0000695,0.0090531,0.1542877,0.7342144,1.3861935,1.1721955,0.7363228,0.0000437,,,,
11 Aug 2021,1.00,0.0000694,0.0090361,0.1541925,0.7343222,1.3835086,1.1717835,0.7358893,0.0000438,,,,
12 Aug 2021,1.00,0.0000697,0.0090572,0.1543877,0.7354023,1.3852334,1.1738467,0.7367568,0.0000438,,,,
13 Aug 2021,1.00,0.0000696,0.0090751,0.1543210,0.7350239,1.3825522,1.1764706,0.7368111,0.0000438,,,,
14 Aug 2021,1.00,0.0000696,0.0090751,0.1543210,0.7350239,1.3825522,1.1764706,0.7368111,0.0000438,,,,
15 Aug 2021,1.00,0.0000696,0.0090751,0.1543210,0.7350239,1.3825522,1.1764706,0.7368111,0.0000438,,,,
16 Aug 2021,1.00,0.0000696,0.0091433,0.1544020,0.7330303,1.3869626,1.1771630,0.7372457,0.0000438,,,,
17 Aug 2021,1.00,0.0000695,0.0091522,0.1543329,0.7291287,1.3791201,1.1767475,0.7357810,0.0000438,,,,
18 Aug 2021,1.00,0.0000695,0.0091109,0.1542996,0.7250054,1.3762731,1.1723329,0.7353482,0.0000438,,,,
19 Aug 2021,1.00,0.0000691,0.0091225,0.1540951,0.7166918,1.3676149,1.1695906,0.7336757,0.0000438,,,,
20 Aug 2021,1.00,0.0000691,0.0091201,0.1538604,0.7128092,1.3610998,1.1671335,0.7336757,0.0000438,,,,
21 Aug 2021,1.00,0.0000691,0.0091201,0.1538604,0.7128092,1.3610998,1.1671335,0.7336757,0.0000438,,,,
22 Aug 2021,1.00,0.0000691,0.0091201,0.1538604,0.7128092,1.3610998,1.1671335,0.7336757,0.0000438,,,,
23 Aug 2021,1.00,0.0000695,0.0090823,0.1542044,0.7183908,1.3683634,1.1717835,0.7358893,0.0000438,,,,
24 Aug 2021,1.00,0.0000695,0.0091192,0.1543877,0.7245327,1.3719303,1.1739845,0.7375175,0.0000438,,,,
25 Aug 2021,1.00,0.0000693,0.0090977,0.1543591,0.7248478,1.3711778,1.1735712,0.7380618,0.0000439,,,,
26 Aug 2021,1.00,0.0000692,0.0090795,0.1542496,0.7261109,1.3726836,1.1767475,0.7391529,0.0000439,,,,
27 Aug 2021,1.00,0.0000693,0.0090755,0.1543543,0.7251106,1.3723068,1.1760555,0.7402472,0.0000439,,,,
28 Aug 2021,1.00,0.0000693,0.0090755,0.1543543,0.7251106,1.3723068,1.1760555,0.7402472,0.0000439,,,,
29 Aug 2021,1.00,0.0000693,0.0090755,0.1543543,0.7251106,1.3723068,1.1760555,0.7402472,0.0000439,,,,
30 Aug 2021,1.00,0.0000698,0.0091015,0.1545715,0.7299270,1.3762731,1.1800802,0.7431077,0.0000439,,,,
31 Aug 2021,1.00,0.0000701,0.0091066,0.1547628,0.7324934,1.3779799,1.1834320,0.7444353,0.0000439,,,,
01 Sep 2021,1.00,0.0000700,0.0090656,0.1546312,0.7345380,1.3762731,1.1817537,0.7424456,0.0000439,,,,
02 Sep 2021,1.00,0.0000702,0.0090906,0.1548443,0.7386070,1.3787398,1.1845534,0.7440476,0.0000439,,,,
03 Sep 2021,1.00,0.0000701,0.0090945,0.1550772,0.7438262,1.3831259,1.1872255,0.7447680,0.0000439,,,,
04 Sep 2021,1.00,0.0000701,0.0090945,0.1550772,0.7438262,1.3831259,1.1872255,0.7447680,0.0000439,,,,
05 Sep 2021,1.00,0.0000701,0.0090945,0.1550772,0.7438262,1.3831259,1.1872255,0.7447680,0.0000439,,,,
06 Sep 2021,1.00,0.0000703,0.0091023,0.1548611,0.7437156,1.3842746,1.1863804,0.7449344,0.0000439,,,,
07 Sep 2021,1.00,0.0000701,0.0090874,0.1546886,0.7392076,1.3772208,1.1859583,0.7432734,0.0000439,,,,
08 Sep 2021,1.00,0.0000701,0.0090760,0.1548515,0.7379529,1.3772208,1.1827321,0.7434391,0.0000439,,,,
09 Sep 2021,1.00,0.0000702,0.0090992,0.1549427,0.7382798,1.3837000,1.1838523,0.7444908,0.0000439,,,,
10 Sep 2021,1.00,0.0000704,0.0091064,0.1553374,0.7406859,1.3888889,1.1841326,0.7472166,0.0000439,,,,
11 Sep 2021,1.00,0.0000704,0.0091064,0.1553374,0.7406859,1.3888889,1.1841326,0.7472166,0.0000439,,,,
12 Sep 2021,1.00,0.0000704,0.0091064,0.1553374,0.7406859,1.3888889,1.1841326,0.7472166,0.0000439,,,,
13 Sep 2021,1.00,0.0000702,0.0090881,0.1548803,0.7355645,1.3838915,1.1779951,0.7446016,0.0000439,,,,
14 Sep 2021,1.00,0.0000701,0.0090821,0.1551037,0.7331378,1.3856173,1.1813349,0.7444353,0.0000439,,,,
15 Sep 2021,1.00,0.0000703,0.0091581,0.1554388,0.7320108,1.3827434,1.1824524,0.7455454,0.0000439,,,,
16 Sep 2021,1.00,0.0000702,0.0091420,0.1550844,0.7316895,1.3835086,1.1763322,0.7442691,0.0000440,,,,
17 Sep 2021,1.00,0.0000703,0.0090888,0.1549115,0.7311545,1.3800718,1.1779951,0.7431629,0.0000439,,,,
18 Sep 2021,1.00,0.0000703,0.0090888,0.1549115,0.7311545,1.3800718,1.1779951,0.7431629,0.0000439,,,,
19 Sep 2021,1.00,0.0000703,0.0090888,0.1549115,0.7311545,1.3800718,1.1779951,0.7431629,0.0000439,,,,
20 Sep 2021,1.00,0.0000699,0.0091364,0.1546503,0.7228567,1.3664936,1.1710973,0.7393715,0.0000439,,,,
21 Sep 2021,1.00,0.0000703,0.0091460,0.1545595,0.7245852,1.3672409,1.1738467,0.7398091,0.0000439,,,,
22 Sep 2021,1.00,0.0000703,0.0091276,0.1546336,0.7250054,1.3638843,1.1728829,0.7397544,0.0000439,,,,
23 Sep 2021,1.00,0.0000703,0.0090899,0.1548731,0.7271670,1.3702384,1.1715089,0.7415647,0.0000439,,,,
24 Sep 2021,1.00,0.0000700,0.0090501,0.1545977,0.7249529,1.3674279,1.1719208,0.7386615,0.0000439,,,,
25 Sep 2021,1.00,0.0000700,0.0090501,0.1545977,0.7249529,1.3674279,1.1719208,0.7386615,0.0000439,,,,
26 Sep 2021,1.00,0.0000700,0.0090501,0.1545977,0.7249529,1.3674279,1.1719208,0.7386615,0.0000439,,,,
27 Sep 2021,1.00,0.0000702,0.0090165,0.1547173,0.7252683,1.3694878,1.1698643,0.7384979,0.0000439,,,,
28 Sep 2021,1.00,0.0000699,0.0089713,0.1548131,0.7246902,1.3586957,1.1678150,0.7369740,0.0000439,,,,
29 Sep 2021,1.00,0.0000699,0.0089722,0.1546719,0.7233273,1.3482540,1.1653653,0.7365940,0.0000440,,,,
30 Sep 2021,1.00,0.0000699,0.0089296,0.1547030,0.7194245,1.3455328,1.1579435,0.7346999,0.0000439,,,,
01 Oct 2021,1.00,0.0000700,0.0089943,0.1551205,0.7256894,1.3542795,1.1599582,0.7373000,0.0000439,,,,
02 Oct 2021,1.00,0.0000700,0.0089943,0.1551205,0.7256894,1.3542795,1.1599582,0.7373000,0.0000439,,,,
03 Oct 2021,1.00,0.0000700,0.0089943,0.1551205,0.7256894,1.3542795,1.1599582,0.7373000,0.0000439,,,,
04 Oct 2021,1.00,0.0000702,0.0090055,0.1551205,0.7292350,1.3605442,1.1636025,0.7375175,0.0000439,,,,
05 Oct 2021,1.00,0.0000703,0.0089945,0.1550965,0.7280140,1.3622122,1.1602274,0.7369740,0.0000440,,,,
06 Oct 2021,1.00,0.0000700,0.0089807,0.1551205,0.7253210,1.3583265,1.1542013,0.7345919,0.0000439,,,,
07 Oct 2021,1.00,0.0000705,0.0089781,0.1551205,0.7299803,1.3598042,1.1562030,0.7365940,0.0000439,,,,
08 Oct 2021,1.00,0.0000704,0.0089460,0.1550989,0.7305136,1.3627691,1.1568718,0.7377896,0.0000439,,,,
09 Oct 2021,1.00,0.0000704,0.0089460,0.1550989,0.7305136,1.3627691,1.1568718,0.7377896,0.0000439,,,,
10 Oct 2021,1.00,0.0000704,0.0089460,0.1550989,0.7305136,1.3627691,1.1568718,0.7377896,0.0000439,,,,
11 Oct 2021,1.00,0.0000704,0.0088554,0.1550556,0.7348078,1.3635124,1.1574074,0.7388253,0.0000439,,,,
12 Oct 2021,1.00,0.0000705,0.0088166,0.1550556,0.7378440,1.3633265,1.1555350,0.7376807,0.0000439,,,,
13 Oct 2021,1.00,0.0000703,0.0088058,0.1552313,0.7354023,1.3618412,1.1562030,0.7389891,0.0000439,,,,
14 Oct 2021,1.00,0.0000709,0.0088128,0.1553495,0.7416197,1.3711778,1.1602274,0.7417297,0.0000439,,,,
15 Oct 2021,1.00,0.0000712,0.0087463,0.1553905,0.7418398,1.3751375,1.1602274,0.7419498,0.0000439,,,,
16 Oct 2021,1.00,0.0000712,0.0087463,0.1553905,0.7418398,1.3751375,1.1602274,0.7419498,0.0000439,,,,
17 Oct 2021,1.00,0.0000712,0.0087463,0.1553905,0.7418398,1.3751375,1.1602274,0.7419498,0.0000439,,,,
18 Oct 2021,1.00,0.0000709,0.0087604,0.1555137,0.7387707,1.3741927,1.1603620,0.7410701,0.0000439,,,,
19 Oct 2021,1.00,0.0000710,0.0087553,0.1565190,0.7470492,1.3829346,1.1655012,0.7439923,0.0000439,,,,
20 Oct 2021,1.00,0.0000709,0.0087536,0.1564284,0.7485030,1.3755158,1.1622501,0.7436603,0.0000439,,,,
21 Oct 2021,1.00,0.0000707,0.0087595,0.1562793,0.7494005,1.3806434,1.1637379,0.7425559,0.0000440,,,,
22 Oct 2021,1.00,0.0000705,0.0087820,0.1564505,0.7498500,1.3783598,1.1630612,0.7422252,0.0000440,,,,
23 Oct 2021,1.00,0.0000705,0.0087820,0.1564505,0.7498500,1.3783598,1.1630612,0.7422252,0.0000440,,,,
24 Oct 2021,1.00,0.0000705,0.0087820,0.1564505,0.7498500,1.3783598,1.1630612,0.7422252,0.0000440,,,,
25 Oct 2021,1.00,0.0000705,0.0087981,0.1564970,0.7483350,1.3751375,1.1603620,0.7422252,0.0000440,,,,
26 Oct 2021,1.00,0.0000708,0.0087703,0.1567374,0.7512584,1.3802622,1.1618450,0.7429973,0.0000439,,,,
27 Oct 2021,1.00,0.0000704,0.0088008,0.1564358,0.7515407,1.3743815,1.1617100,0.7415647,0.0000439,,,,
28 Oct 2021,1.00,0.0000704,0.0088026,0.1563062,0.7522756,1.3740038,1.1592859,0.7420600,0.0000440,,,,
29 Oct 2021,1.00,0.0000703,0.0087807,0.1563331,0.7534659,1.3783598,1.1645511,0.7428317,0.0000440,,,,
30 Oct 2021,1.00,0.0000703,0.0087807,0.1563331,0.7534659,1.3783598,1.1645511,0.7428317,0.0000440,,,,
31 Oct 2021,1.00,0.0000703,0.0087807,0.1563331,0.7534659,1.3783598,1.1645511,0.7428317,0.0000440,,,,
01 Nov 2021,1.00,0.0000700,0.0087586,0.1562964,0.7518232,1.3689254,1.1578094,0.7410152,0.0000440,,,,
02 Nov 2021,1.00,0.0000700,0.0087882,0.1562915,0.7464358,1.3657471,1.1603620,0.7420049,0.0000440,,,,
03 Nov 2021,1.00,0.0000698,0.0087779,0.1562866,0.7434391,1.3650014,1.1578094,0.7409054,0.0000440,,,,
04 Nov 2021,1.00,0.0000696,0.0087797,0.1563746,0.7415097,1.3555646,1.1568718,0.7403020,0.0000441,,,,
05 Nov 2021,1.00,0.0000698,0.0087945,0.1561768,0.7386615,1.3466200,1.1519410,0.7393169,0.0000441,,,,
06 Nov 2021,1.00,0.0000698,0.0087945,0.1561768,0.7386615,1.3466200,1.1519410,0.7393169,0.0000441,,,,
07 Nov 2021,1.00,0.0000698,0.0087945,0.1561768,0.7386615,1.3466200,1.1519410,0.7393169,0.0000441,,,,
08 Nov 2021,1.00,0.0000701,0.0088194,0.1563722,0.7412349,1.3546464,1.1579435,0.7417297,0.0000441,,,,
09 Nov 2021,1.00,0.0000702,0.0088442,0.1564700,0.7401377,1.3559322,1.1576754,0.7420600,0.0000441,,,,
10 Nov 2021,1.00,0.0000702,0.0088296,0.1564725,0.7363228,1.3509862,1.1558021,0.7416197,0.0000441,,,,
11 Nov 2021,1.00,0.0000701,0.0087756,0.1563599,0.7299803,1.3397642,1.1460005,0.7386070,0.0000442,,,,
12 Nov 2021,1.00,0.0000705,0.0087724,0.1567202,0.7296607,1.3388673,1.1448197,0.7388799,0.0000442,,,,
13 Nov 2021,1.00,0.0000705,0.0087724,0.1567202,0.7296607,1.3388673,1.1448197,0.7388799,0.0000442,,,,
14 Nov 2021,1.00,0.0000705,0.0087724,0.1567202,0.7296607,1.3388673,1.1448197,0.7388799,0.0000442,,,,
15 Nov 2021,1.00,0.0000705,0.0087815,0.1566931,0.7365397,1.3437248,1.1444266,0.7403569,0.0000442,,,,
16 Nov 2021,1.00,0.0000702,0.0087520,0.1565264,0.7338911,1.3448090,1.1367512,0.7384979,0.0000442,,,,
17 Nov 2021,1.00,0.0000702,0.0087194,0.1567963,0.7290755,1.3457139,1.1316057,0.7365397,0.0000441,,,,
18 Nov 2021,1.00,0.0000703,0.0087552,0.1566588,0.7281730,1.3478906,1.1345587,0.7363228,0.0000441,,,,
19 Nov 2021,1.00,0.0000700,0.0087904,0.1564823,0.7233796,1.3430030,1.1271416,0.7345380,0.0000441,,,,
20 Nov 2021,1.00,0.0000700,0.0087904,0.1564823,0.7233796,1.3430030,1.1271416,0.7345380,0.0000441,,,,
21 Nov 2021,1.00,0.0000700,0.0087904,0.1564823,0.7233796,1.3430030,1.1271416,0.7345380,0.0000441,,,,
22 Nov 2021,1.00,0.0000702,0.0087637,0.1566931,0.7261109,1.3439054,1.1277772,0.7343761,0.0000441,,,,
23 Nov 2021,1.00,0.0000701,0.0087036,0.1564994,0.7225956,1.3374348,1.1258726,0.7320108,0.0000441,,,,
24 Nov 2021,1.00,0.0000700,0.0086828,0.1565092,0.7206688,1.3351135,1.1205737,0.7309942,0.0000441,,,,
25 Nov 2021,1.00,0.0000700,0.0086724,0.1565803,0.7181844,1.3313806,1.1223345,0.7311545,0.0000441,,,,
26 Nov 2021,1.00,0.0000695,0.0087649,0.1564945,0.7148474,1.3344009,1.1290505,0.7298737,0.0000441,,,,
27 Nov 2021,1.00,0.0000695,0.0087649,0.1564945,0.7148474,1.3344009,1.1290505,0.7298737,0.0000441,,,,
28 Nov 2021,1.00,0.0000695,0.0087649,0.1564945,0.7148474,1.3344009,1.1290505,0.7298737,0.0000441,,,,
29 Nov 2021,1.00,0.0000696,0.0087949,0.1566073,0.7144899,1.3331556,1.1276500,0.7302468,0.0000441,,,,
30 Nov 2021,1.00,0.0000698,0.0088635,0.1569588,0.7147452,1.3340448,1.1363636,0.7321180,0.0000441,,,,
01 Dec 2021,1.00,0.0000696,0.0088205,0.1569982,0.7138778,1.3310262,1.1313497,0.7331916,0.0000440,,,,
02 Dec 2021,1.00,0.0000694,0.0088627,0.1568381,0.7097736,1.3319126,1.1339154,0.7314754,0.0000440,,,,
03 Dec 2021,1.00,0.0000693,0.0088232,0.1569612,0.7057163,1.3276686,1.1290505,0.7300336,0.0000438,,,,
04 Dec 2021,1.00,0.0000693,0.0088232,0.1569612,0.7057163,1.3276686,1.1290505,0.7300336,0.0000438,,,,
05 Dec 2021,1.00,0.0000693,0.0088232,0.1569612,0.7057163,1.3276686,1.1290505,0.7300336,0.0000438,,,,
06 Dec 2021,1.00,0.0000692,0.0088331,0.1567939,0.7039279,1.3259082,1.1286682,0.7302468,0.0000434,,,,
07 Dec 2021,1.00,0.0000696,0.0088054,0.1570500,0.7107826,1.3252054,1.1256191,0.7318501,0.0000433,,,,
08 Dec 2021,1.00,0.0000697,0.0087882,0.1575299,0.7132668,1.3199578,1.1299435,0.7329766,0.0000436,,,,
09 Dec 2021,1.00,0.0000695,0.0088222,0.1568480,0.7140817,1.3192612,1.1310938,0.7322789,0.0000435,,,,
10 Dec 2021,1.00,0.0000696,0.0087933,0.1569760,0.7150518,1.3206550,1.1272686,0.7322252,0.0000434,,,,
11 Dec 2021,1.00,0.0000696,0.0087933,0.1569760,0.7150518,1.3206550,1.1272686,0.7322252,0.0000434,,,,
12 Dec 2021,1.00,0.0000696,0.0087933,0.1569760,0.7150518,1.3206550,1.1272686,0.7322252,0.0000434,,,,
13 Dec 2021,1.00,0.0000698,0.0087979,0.1571265,0.7140307,1.3243279,1.1277772,0.7313684,0.0000435,,,,
14 Dec 2021,1.00,0.0000699,0.0088042,0.1571660,0.7127584,1.3250298,1.1308380,0.7311010,0.0000435,,,,
15 Dec 2021,1.00,0.0000697,0.0087813,0.1570919,0.7144388,1.3252054,1.1262530,0.7310476,0.0000434,,,,
16 Dec 2021,1.00,0.0000697,0.0087625,0.1570450,0.7213966,1.3361839,1.1336583,0.7334605,0.0000435,,,,
17 Dec 2021,1.00,0.0000696,0.0088322,0.1568504,0.7163837,1.3296104,1.1330161,0.7329229,0.0000435,,,,
18 Dec 2021,1.00,0.0000696,0.0088322,0.1568504,0.7163837,1.3296104,1.1330161,0.7329229,0.0000435,,,,
19 Dec 2021,1.00,0.0000696,0.0088322,0.1568504,0.7163837,1.3296104,1.1330161,0.7329229,0.0000435,,,,
20 Dec 2021,1.00,0.0000694,0.0088084,0.1568258,0.7109847,1.3231013,1.1272686,0.7313149,0.0000436,,,,
21 Dec 2021,1.00,0.0000700,0.0087940,0.1569514,0.7130633,1.3245033,1.1295606,0.7327618,0.0000436,,,,
22 Dec 2021,1.00,0.0000702,0.0087550,0.1569612,0.7171543,1.3310262,1.1300712,0.7327618,0.0000436,,,,
23 Dec 2021,1.00,0.0000705,0.0087410,0.1569612,0.7231704,1.3428226,1.1309658,0.7354023,0.0000436,,,,
24 Dec 2021,1.00,0.0000705,0.0087424,0.1570401,0.7233796,1.3410219,1.1317338,0.7376263,0.0000438,,,,
25 Dec 2021,1.00,0.0000705,0.0087424,0.1570401,0.7233796,1.3410219,1.1317338,0.7376263,0.0000438,,,,
26 Dec 2021,1.00,0.0000705,0.0087424,0.1570401,0.7233796,1.3410219,1.1317338,0.7376263,0.0000438,,,,
27 Dec 2021,1.00,0.0000703,0.0087156,0.1569218,0.7211885,1.3413816,1.1312217,0.7367568,0.0000438,,,,
28 Dec 2021,1.00,0.0000703,0.0087054,0.1570278,0.7262164,1.3449899,1.1331445,0.7388799,0.0000438,,,,
29 Dec 2021,1.00,0.0000702,0.0086966,0.1569982,0.7228045,1.3437248,1.1303267,0.7383343,0.0000438,,,,
30 Dec 2021,1.00,0.0000701,0.0086891,0.1569144,0.7267970,1.3504389,1.1334013,0.7393169,0.0000439,,,,
31 Dec 2021,1.00,0.0000703,0.0086869,0.1574208,0.7253210,1.3478906,1.1326311,0.7412898,0.0000438,,,,
01 Jan 2022,1.00,0.0000703,0.0086869,0.1574208,0.7253210,1.3478906,1.1326311,0.7412898,0.0000438,,,,
02 Jan 2022,1.00,0.0000703,0.0086869,0.1574208,0.7253210,1.3478906,1.1326311,0.7412898,0.0000438,,,,
03 Jan 2022,1.00,0.0000701,0.0086971,0.1573292,0.7236414,1.3495277,1.1354604,0.7405762,0.0000438,,,,
04 Jan 2022,1.00,0.0000696,0.0085988,0.1568185,0.7192175,1.3487996,1.1279044,0.7367025,0.0000440,,,,
05 Jan 2022,1.00,0.0000696,0.0086385,0.1570179,0.7255841,1.3548300,1.1318619,0.7378985,0.0000439,,,,
06 Jan 2022,1.00,0.0000695,0.0086341,0.1567447,0.7171543,1.3535463,1.1314777,0.7352941,0.0000440,,,,
07 Jan 2022,1.00,0.0000698,0.0086310,0.1567865,0.7148985,1.3542795,1.1298158,0.7357269,0.0000441,,,,
08 Jan 2022,1.00,0.0000698,0.0086310,0.1567865,0.7148985,1.3542795,1.1298158,0.7357269,0.0000441,,,,
09 Jan 2022,1.00,0.0000698,0.0086310,0.1567865,0.7148985,1.3542795,1.1298158,0.7357269,0.0000441,,,,
10 Jan 2022,1.00,0.0000699,0.0086761,0.1569144,0.7175145,1.3570362,1.1318619,0.7376263,0.0000441,,,,
11 Jan 2022,1.00,0.0000699,0.0086567,0.1568898,0.7173087,1.3579576,1.1336583,0.7388799,0.0000441,,,,
12 Jan 2022,1.00,0.0000698,0.0086668,0.1570894,0.7213446,1.3642565,1.1370097,0.7403569,0.0000441,,,,
13 Jan 2022,1.00,0.0000700,0.0087517,0.1572154,0.7297140,1.3721186,1.1462632,0.7430525,0.0000440,,,,
14 Jan 2022,1.00,0.0000698,0.0087939,0.1573936,0.7243752,1.3708019,1.1446886,0.7424456,0.0000440,,,,
15 Jan 2022,1.00,0.0000698,0.0087939,0.1573936,0.7243752,1.3708019,1.1446886,0.7424456,0.0000440,,,,
16 Jan 2022,1.00,0.0000698,0.0087939,0.1573936,0.7243752,1.3708019,1.1446886,0.7424456,0.0000440,,,,
17 Jan 2022,1.00,0.0000698,0.0087286,0.1574952,0.7211885,1.3644426,1.1402509,0.7417297,0.0000440,,,,
18 Jan 2022,1.00,0.0000697,0.0087177,0.1574109,0.7179266,1.3585111,1.1367512,0.7405762,0.0000439,,,,
19 Jan 2022,1.00,0.0000697,0.0087363,0.1575622,0.7221781,1.3640704,1.1345587,0.7418398,0.0000440,,,,
20 Jan 2022,1.00,0.0000697,0.0087532,0.1576119,0.7239033,1.3616558,1.1337868,0.7429421,0.0000442,,,,
21 Jan 2022,1.00,0.0000699,0.0087874,0.1577287,0.7194245,1.3568521,1.1348162,0.7436603,0.0000442,,,,
22 Jan 2022,1.00,0.0000699,0.0087874,0.1577287,0.7194245,1.3568521,1.1348162,0.7436603,0.0000442,,,,
23 Jan 2022,1.00,0.0000699,0.0087874,0.1577287,0.7194245,1.3568521,1.1348162,0.7436603,0.0000442,,,,
24 Jan 2022,1.00,0.0000697,0.0087887,0.1580253,0.7124537,1.3487996,1.1304544,0.7428869,0.0000441,,,,
25 Jan 2022,1.00,0.0000697,0.0087696,0.1579804,0.7125552,1.3460762,1.1267606,0.7434391,0.0000442,,,,
26 Jan 2022,1.00,0.0000697,0.0087514,0.1581778,0.7170515,1.3511688,1.1276500,0.7437709,0.0000442,,,,
27 Jan 2022,1.00,0.0000695,0.0086686,0.1570475,0.7076139,1.3386881,1.1159469,0.7395903,0.0000442,,,,
28 Jan 2022,1.00,0.0000694,0.0086556,0.1571907,0.6973987,1.3390466,1.1138338,0.7371913,0.0000442,,,,
29 Jan 2022,1.00,0.0000694,0.0086556,0.1571907,0.6973987,1.3390466,1.1138338,0.7371913,0.0000442,,,,
30 Jan 2022,1.00,0.0000694,0.0086556,0.1571907,0.6973987,1.3390466,1.1138338,0.7371913,0.0000442,,,,
31 Jan 2022,1.00,0.0000696,0.0086622,0.1572080,0.7051689,1.3415616,1.1155734,0.7383343,0.0000442,,,,
01 Feb 2022,1.00,0.0000698,0.0087206,0.1572080,0.7096225,1.3486177,1.1259993,0.7408505,0.0000442,,,,
02 Feb 2022,1.00,0.0000697,0.0087524,0.1572080,0.7153588,1.3577733,1.1322464,0.7422803,0.0000442,,,,
03 Feb 2022,1.00,0.0000695,0.0087063,0.1571981,0.7120986,1.3563000,1.1285408,0.7418948,0.0000442,,,,
04 Feb 2022,1.00,0.0000695,0.0087033,0.1572080,0.7091696,1.3551972,1.1463946,0.7434944,0.0000442,,,,
05 Feb 2022,1.00,0.0000695,0.0087033,0.1572080,0.7091696,1.3551972,1.1463946,0.7434944,0.0000442,,,,
06 Feb 2022,1.00,0.0000695,0.0087033,0.1572080,0.7091696,1.3551972,1.1463946,0.7434944,0.0000442,,,,
07 Feb 2022,1.00,0.0000695,0.0086990,0.1572228,0.7111364,1.3517167,1.1446886,0.7438262,0.0000441,,,,
08 Feb 2022,1.00,0.0000695,0.0086634,0.1570574,0.7118958,1.3522650,1.1407712,0.7432181,0.0000440,,,,
09 Feb 2022,1.00,0.0000698,0.0086603,0.1571635,0.7176690,1.3572204,1.1435106,0.7449899,0.0000441,,,,
10 Feb 2022,1.00,0.0000698,0.0086384,0.1572970,0.7196833,1.3577733,1.1439030,0.7454342,0.0000441,,,,
11 Feb 2022,1.00,0.0000699,0.0086335,0.1573366,0.7168459,1.3598042,1.1416828,0.7443245,0.0000441,,,,
12 Feb 2022,1.00,0.0000699,0.0086335,0.1573366,0.7168459,1.3598042,1.1416828,0.7443245,0.0000441,,,,
13 Feb 2022,1.00,0.0000699,0.0086335,0.1573366,0.7168459,1.3598042,1.1416828,0.7443245,0.0000441,,,,
14 Feb 2022,1.00,0.0000699,0.0086646,0.1573044,0.7115918,1.3517167,1.1316057,0.7421701,0.0000440,,,,
15 Feb 2022,1.00,0.0000701,0.0086484,0.1576367,0.7140817,1.3544630,1.1345587,0.7432181,0.0000440,,,,
16 Feb 2022,1.00,0.0000701,0.0086440,0.1577237,0.7170515,1.3548300,1.1371390,0.7437156,0.0000440,,,,
17 Feb 2022,1.00,0.0000698,0.0086900,0.1577859,0.7202535,1.3618412,1.1370097,0.7442137,0.0000439,,,,
18 Feb 2022,1.00,0.0000696,0.0086944,0.1580453,0.7207207,1.3609145,1.1354604,0.7442691,0.0000438,,,,
19 Feb 2022,1.00,0.0000696,0.0086944,0.1580453,0.7207207,1.3609145,1.1354604,0.7442691,0.0000438,,,,
20 Feb 2022,1.00,0.0000696,0.0086944,0.1580453,0.7207207,1.3609145,1.1354604,0.7442691,0.0000438,,,,
21 Feb 2022,1.00,0.0000697,0.0087081,0.1578432,0.7198388,1.3610998,1.1337868,0.7427213,0.0000439,,,,
22 Feb 2022,1.00,0.0000696,0.0086885,0.1580303,0.7206168,1.3553809,1.1341726,0.7428869,0.0000438,,,,
23 Feb 2022,1.00,0.0000697,0.0086874,0.1582829,0.7275373,1.3592497,1.1344299,0.7437156,0.0000438,,,,
24 Feb 2022,1.00,0.0000694,0.0087021,0.1581128,0.7159221,1.3374348,1.1163206,0.7380618,0.0000438,,,,
25 Feb 2022,1.00,0.0000697,0.0086516,0.1583556,0.7217090,1.3394053,1.1215792,0.7390437,0.0000438,,,,
26 Feb 2022,1.00,0.0000697,0.0086516,0.1583556,0.7217090,1.3394053,1.1215792,0.7390437,0.0000438,,,,
27 Feb 2022,1.00,0.0000697,0.0086516,0.1583556,0.7217090,1.3394053,1.1215792,0.7390437,0.0000438,,,,
28 Feb 2022,1.00,0.0000696,0.0086606,0.1584686,0.7221259,1.3404826,1.1199462,0.7367025,0.0000438,,,,
01 Mar 2022,1.00,0.0000696,0.0087101,0.1584108,0.7264802,1.3401233,1.1161960,0.7367568,0.0000438,,,,
02 Mar 2022,1.00,0.0000695,0.0086711,0.1583105,0.7272198,1.3329779,1.1106175,0.7375175,0.0000438,,,,
03 Mar 2022,1.00,0.0000695,0.0086410,0.1582379,0.7316359,1.3381507,1.1075424,0.7363228,0.0000438,,,,
04 Mar 2022,1.00,0.0000695,0.0086621,0.1582429,0.7348618,1.3266118,1.0928962,0.7348618,0.0000438,,,,
05 Mar 2022,1.00,0.0000695,0.0086621,0.1582429,0.7348618,1.3266118,1.0928962,0.7348618,0.0000438,,,,
06 Mar 2022,1.00,0.0000695,0.0086621,0.1582429,0.7348618,1.3266118,1.0928962,0.7348618,0.0000438,,,,
07 Mar 2022,1.00,0.0000695,0.0086778,0.1582529,0.7386070,1.3185654,1.0894433,0.7345919,0.0000438,,,,
08 Mar 2022,1.00,0.0000696,0.0086424,0.1583030,0.7275373,1.3094147,1.0892060,0.7331916,0.0000438,,,,
09 Mar 2022,1.00,0.0000700,0.0086348,0.1582779,0.7332991,1.3154433,1.0992635,0.7345380,0.0000438,,,,
10 Mar 2022,1.00,0.0000700,0.0086230,0.1582003,0.7336219,1.3168291,1.1084017,0.7361060,0.0000438,,,,
11 Mar 2022,1.00,0.0000700,0.0085552,0.1578283,0.7318501,1.3087292,1.0990219,0.7351860,0.0000437,,,,
12 Mar 2022,1.00,0.0000700,0.0085552,0.1578283,0.7318501,1.3087292,1.0990219,0.7351860,0.0000437,,,,
13 Mar 2022,1.00,0.0000700,0.0085552,0.1578283,0.7318501,1.3087292,1.0990219,0.7351860,0.0000437,,,,
14 Mar 2022,1.00,0.0000699,0.0084764,0.1571586,0.7240605,1.3061651,1.0960105,0.7332453,0.0000437,,,,
15 Mar 2022,1.00,0.0000700,0.0084761,0.1567521,0.7215007,1.3077024,1.0991427,0.7330841,0.0000437,,,,
16 Mar 2022,1.00,0.0000701,0.0084537,0.1574679,0.7249529,1.3090719,1.0993843,0.7345919,0.0000437,,,,